0.0,0.13227394223213196,0.7172455191612244,0.4065795838832855,0.8033760190010071,0.4836702346801758,0.7644222974777222,0.16412939131259918,0.2991625964641571,0.0009476406848989427,0.9999995231628418,0.9535884857177734,0.056287579238414764,0.9996867179870605,0.17012052237987518,0.1696457415819168,0.9999269247055054,3.306162398075685e-05,0.9960576295852661,0.9877591729164124,0.9295230507850647,0.9978867173194885,0.9928572177886963,0.9149215221405029,0.9822918176651001,0.9957093000411987,0.6952929496765137,0.004779602400958538,0.001443776418454945,5.286423402139917e-05,0.005455072037875652,0.9978068470954895,0.9942072629928589,0.9690212607383728,0.8527534604072571,0.990537703037262,0.9877440333366394,0.878362238407135,0.8521294593811035,0.7417267560958862,0.9985311031341553,0.9991971850395203,0.710689127445221,0.7052807211875916,0.6544883847236633,0.0010336855193600059,0.0004735188267659396,0.999625563621521,0.9993650317192078,0.9986612796783447,0.5079745054244995,0.7179402709007263,0.8572375774383545,0.33827099204063416,0.04095377400517464,0.7996882200241089,0.9997724890708923,0.9998201727867126,0.04119341820478439,0.887408971786499,0.11793651431798935,0.3192659318447113,0.3566305339336395,0.879604697227478,0.7513911724090576,0.2042645961046219,0.34844648838043213,0.7721710205078125,0.433925062417984,0.6260203123092651,0.35936641693115234,0.3310036361217499,0.44219011068344116,0.4746100902557373,0.8248373866081238,0.46622222661972046,0.23133686184883118,0.7576473951339722,0.262870728969574,0.7403683662414551,0.7603973746299744,0.7545678615570068,0.4810408651828766,0.19791917502880096,0.8532522916793823,0.9569735527038574,0.7792896628379822,0.5547707676887512,0.9315376281738281,0.27317455410957336,0.90895015001297,0.5991295576095581,0.7644373178482056,0.8482576012611389,0.7560883164405823,0.349905788898468,0.20607145130634308,0.8485983610153198,0.5224723219871521,0.6572487950325012,0.6570265889167786
0.0,0.07221617549657822,0.6180851459503174,0.1889723837375641,0.7125442028045654,0.4210974872112274,0.7289502024650574,0.20345862209796906,0.241829052567482,0.0006950435927137733,0.9999997615814209,0.9578532576560974,0.04096408560872078,0.9994088411331177,0.19934803247451782,0.13591451942920685,0.999731719493866,0.00012494421389419585,0.9949852228164673,0.9846675992012024,0.9064178466796875,0.9972297549247742,0.991001546382904,0.8905689120292664,0.9702492356300354,0.991184651851654,0.7403532862663269,0.0027902524452656507,0.0008974757511168718,3.0849500035401434e-05,0.0032187981996685266,0.993477463722229,0.9918174147605896,0.9606079459190369,0.881538450717926,0.9905382394790649,0.9927173852920532,0.8479886054992676,0.8281923532485962,0.6860907673835754,0.9986139535903931,0.9984691739082336,0.7054771780967712,0.6993011236190796,0.6523985266685486,0.0013527522096410394,0.0006084907799959183,0.9989010095596313,0.9991241097450256,0.997954249382019,0.5068932771682739,0.7129090428352356,0.6346384882926941,0.4275733232498169,0.11444564908742905,0.5741338133811951,0.9997773766517639,0.9998214840888977,0.09879788756370544,0.8676272630691528,0.10059622675180435,0.32936444878578186,0.27394214272499084,0.8732084631919861,0.7499542236328125,0.25584152340888977,0.4203060567378998,0.7712075710296631,0.3694039583206177,0.6657251119613647,0.3349470794200897,0.349847674369812,0.38214540481567383,0.4570201337337494,0.802037239074707,0.4246175289154053,0.21653465926647186,0.7862561941146851,0.29376670718193054,0.7395646572113037,0.7781063318252563,0.7200316190719604,0.37873345613479614,0.21433019638061523,0.8594920635223389,0.9504522681236267,0.7998490333557129,0.5267350673675537,0.9238846302032471,0.3353886306285858,0.9180097579956055,0.6956809163093567,0.7836734652519226,0.8244488835334778,0.7414116263389587,0.2868993580341339,0.16037246584892273,0.8220165371894836,0.5184946060180664,0.7002009749412537,0.5785264372825623
0.0,0.03349825367331505,0.5268564224243164,0.11319985240697861,0.618118166923523,0.4418210983276367,0.7074835300445557,0.24163176119327545,0.24280861020088196,0.0001783129555406049,1.0,0.9519081711769104,0.05170418694615364,0.9953256845474243,0.15940336883068085,0.129551962018013,0.999903678894043,4.2988827772205696e-05,0.9922594428062439,0.9791010618209839,0.8720505833625793,0.9950574636459351,0.9832605719566345,0.8150320053100586,0.9524033665657043,0.9832528829574585,0.7577188611030579,0.004984172992408276,0.0016876125009730458,0.00016897355089895427,0.0017000667285174131,0.9872133135795593,0.9822337031364441,0.9236311316490173,0.8019275665283203,0.9913901090621948,0.9894848465919495,0.8130374550819397,0.8074809312820435,0.6080946326255798,0.9990761280059814,0.9990830421447754,0.7041683197021484,0.6917611360549927,0.6526201963424683,0.002088914392516017,0.0008910184842534363,0.9990701079368591,0.9986989498138428,0.9961036443710327,0.4830014109611511,0.7154002785682678,0.7694460153579712,0.3898017406463623,0.09708352386951447,0.6478593349456787,0.9998027682304382,0.9996776580810547,0.09879963099956512,0.789569616317749,0.10364885628223419,0.2895140051841736,0.34253790974617004,0.8674207925796509,0.7468174695968628,0.2997831106185913,0.43615883588790894,0.7461966276168823,0.31299299001693726,0.5871926546096802,0.30899736285209656,0.3824705183506012,0.40431103110313416,0.5099782943725586,0.7827561497688293,0.4074949622154236,0.18849964439868927,0.7729109525680542,0.24699033796787262,0.7081958651542664,0.7674942016601562,0.6884315013885498,0.40035325288772583,0.254467248916626,0.8281102180480957,0.9411154389381409,0.7885894179344177,0.47734320163726807,0.9257225394248962,0.2979218363761902,0.925369918346405,0.6273654699325562,0.8092353343963623,0.8358743786811829,0.7161433100700378,0.34903353452682495,0.12535737454891205,0.7654738426208496,0.4900883436203003,0.6835342645645142,0.6302376389503479
0.0,0.035579148679971695,0.5023679137229919,0.10007929056882858,0.5812427401542664,0.41919946670532227,0.6776455640792847,0.23868730664253235,0.24838711321353912,0.0006137710297480226,0.9999992847442627,0.9154265522956848,0.07695972174406052,0.9912430047988892,0.12873511016368866,0.15140599012374878,0.9999864101409912,5.5989603424677625e-06,0.9892381429672241,0.9729210734367371,0.8601568937301636,0.9918164610862732,0.9763803482055664,0.8667939305305481,0.9499012231826782,0.9836587309837341,0.7410706877708435,0.007907706312835217,0.0024169522803276777,0.00024222797947004437,0.0017916561337187886,0.9764204621315002,0.9777923822402954,0.9125571846961975,0.8030019402503967,0.9902942180633545,0.9867820739746094,0.783133864402771,0.7902620434761047,0.5648534297943115,0.9996094107627869,0.9995822310447693,0.6788617968559265,0.6666421890258789,0.6356571316719055,0.0033207577653229237,0.0014374206075444818,0.9997498393058777,0.9974448680877686,0.9912329316139221,0.4656960964202881,0.6942646503448486,0.7012752294540405,0.3815012276172638,0.17743772268295288,0.4094768464565277,0.9998148083686829,0.9998689889907837,0.15413516759872437,0.7652773857116699,0.13324575126171112,0.279540479183197,0.41953787207603455,0.8851428031921387,0.749487578868866,0.39138174057006836,0.44447553157806396,0.6753639578819275,0.294952392578125,0.6214804649353027,0.38798579573631287,0.4379028081893921,0.41291314363479614,0.5103622674942017,0.7858547568321228,0.40528395771980286,0.18210265040397644,0.681169867515564,0.30189770460128784,0.7367226481437683,0.7319805026054382,0.6832467317581177,0.39364203810691833,0.18623727560043335,0.8312074542045593,0.9183655381202698,0.8066890835762024,0.5064489841461182,0.9202437400817871,0.29200279712677,0.9144197702407837,0.6568644642829895,0.7881820797920227,0.8499292731285095,0.7037472128868103,0.34062841534614563,0.15250001847743988,0.7867159843444824,0.42253315448760986,0.6938573718070984,0.6019968390464783
3.0,0.03318137675523758,0.47442132234573364,0.10918804258108139,0.546305239200592,0.47338929772377014,0.6721141934394836,0.3199705481529236,0.293668657541275,0.00035308682709001005,0.9999995231628418,0.9311648607254028,0.10665285587310791,0.9426183700561523,0.0895296260714531,0.16815650463104248,0.9999953508377075,1.866498678282369e-06,0.9815487265586853,0.9595428109169006,0.820997953414917,0.9847391843795776,0.9552717208862305,0.7495881915092468,0.900600790977478,0.9611355066299438,0.7239793539047241,0.02501009963452816,0.008501920849084854,0.0023045495618134737,0.0011072867782786489,0.9623228907585144,0.9590497612953186,0.8482125997543335,0.6979570388793945,0.9909864068031311,0.9825604557991028,0.7372504472732544,0.7647234797477722,0.49032124876976013,0.9997518658638,0.9998038411140442,0.672677218914032,0.6546837091445923,0.6311786770820618,0.005698885768651962,0.002400841098278761,0.9998748302459717,0.9959607720375061,0.9843106269836426,0.44367074966430664,0.6936712265014648,0.8080077767372131,0.353771835565567,0.23501835763454437,0.5093233585357666,0.9998223185539246,0.9997056126594543,0.24106672406196594,0.6660519242286682,0.14580415189266205,0.27210482954978943,0.4936734437942505,0.8841993808746338,0.7448908090591431,0.43247586488723755,0.4542500376701355,0.6229074001312256,0.29299411177635193,0.53242027759552,0.3970335125923157,0.4297650456428528,0.4364405870437622,0.6221588850021362,0.7784001231193542,0.42579442262649536,0.1661509871482849,0.6285575032234192,0.2601776123046875,0.7035716772079468,0.7298772931098938,0.67348712682724,0.4256867468357086,0.182895228266716,0.7784980535507202,0.8886212706565857,0.8074257969856262,0.4780012369155884,0.9115806818008423,0.25451570749282837,0.9141578078269958,0.5870987772941589,0.8183580040931702,0.8589766621589661,0.6600186824798584,0.44246578216552734,0.13537773489952087,0.7284762263298035,0.402627557516098,0.7055912017822266,0.6639657616615295
3.0,0.048965152353048325,0.5041924715042114,0.1762818843126297,0.5860748291015625,0.4827316701412201,0.6699433922767639,0.2966907024383545,0.2844361960887909,0.00020262070756871253,0.9999998807907104,0.9437375068664551,0.11453788727521896,0.9403573274612427,0.09668263047933578,0.16600213944911957,0.9999972581863403,1.0719123793023755e-06,0.9822972416877747,0.9614111185073853,0.8484976887702942,0.9854792356491089,0.9527664184570312,0.7544827461242676,0.9169092178344727,0.9703344106674194,0.6899291276931763,0.031364694237709045,0.010964436456561089,0.003580600256100297,0.0011973213404417038,0.9746062755584717,0.9594502449035645,0.8380359411239624,0.6548543572425842,0.9925550818443298,0.977069079875946,0.7081631422042847,0.745623767375946,0.4510747492313385,0.9997560381889343,0.9998897314071655,0.6726861596107483,0.6521298289299011,0.6314682960510254,0.007409359328448772,0.003098493441939354,0.9999216794967651,0.9955710768699646,0.9825243353843689,0.43868350982666016,0.6926594972610474,0.8571797609329224,0.34942716360092163,0.23000094294548035,0.6325920820236206,0.9997568726539612,0.9993122816085815,0.23606640100479126,0.6729975938796997,0.13840463757514954,0.23641027510166168,0.5444273352622986,0.8594964742660522,0.7534738779067993,0.3756498694419861,0.44173184037208557,0.5778746604919434,0.33451786637306213,0.5174843072891235,0.37096065282821655,0.4050624370574951,0.44308236241340637,0.624652624130249,0.7631999254226685,0.4738202691078186,0.17167001962661743,0.5796501040458679,0.2286001741886139,0.6979764699935913,0.7377966642379761,0.7042602896690369,0.444418728351593,0.18625862896442413,0.7818210124969482,0.8972393870353699,0.7987133860588074,0.49108806252479553,0.9172733426094055,0.22714763879776,0.9180347919464111,0.515385091304779,0.8154162764549255,0.8558874726295471,0.6519495844841003,0.4737450182437897,0.12680988013744354,0.6893835663795471,0.39157456159591675,0.6982522010803223,0.7125454545021057
3.0,0.011548880487680435,0.12056779861450195,0.0432056225836277,0.16934534907341003,0.3060095012187958,0.3167016804218292,0.026652326807379723,0.12806284427642822,5.249870810075663e-05,1.0,0.23787042498588562,0.6961226463317871,0.004073246847838163,0.04067917540669441,0.08161895722150803,0.9999797344207764,1.0775375812954735e-05,0.9564592838287354,0.9703273177146912,0.7983112335205078,0.9558386206626892,0.7526764869689941,0.5708195567131042,0.7476272583007812,0.8979503512382507,0.25238776206970215,0.7227829098701477,0.37267622351646423,0.5956252813339233,0.004858528263866901,0.9704388380050659,0.7213329076766968,0.7229093909263611,0.1689951866865158,0.9884225726127625,0.9120529294013977,0.5384138822555542,0.6661497950553894,0.2726874351501465,0.9999419450759888,0.9998363256454468,0.4554957449436188,0.43473950028419495,0.45270034670829773,0.005608525592833757,0.002705939579755068,0.9999988079071045,0.9931158423423767,0.9088664054870605,0.3321439325809479,0.4927477240562439,0.9966819882392883,0.08718562126159668,0.09929683059453964,0.9846177101135254,0.9997639060020447,0.9999897480010986,0.1473602056503296,0.6252899765968323,0.2983980178833008,0.26972225308418274,0.8319591283798218,0.7778502702713013,0.6138182282447815,0.7372943758964539,0.6561883091926575,0.19041459262371063,0.3598777651786804,0.6068719029426575,0.25524792075157166,0.6612779498100281,0.7838916778564453,0.41420480608940125,0.6869767308235168,0.3383510708808899,0.3118124008178711,0.6232003569602966,0.5745487213134766,0.5530426502227783,0.3532311022281647,0.5329146981239319,0.692692756652832,0.27687394618988037,0.8629104495048523,0.665351927280426,0.7427479028701782,0.44505298137664795,0.858415961265564,0.316806435585022,0.9174140095710754,0.3489280343055725,0.38158470392227173,0.821001410484314,0.5232945084571838,0.7754613161087036,0.14695538580417633,0.38311800360679626,0.13125360012054443,0.1749105155467987,0.4912184476852417
2.0,0.014807693660259247,0.12024563550949097,0.04264861345291138,0.155765101313591,0.27655893564224243,0.2877422273159027,0.016917282715439796,0.11175612360239029,4.260421701474115e-05,1.0,0.19895297288894653,0.71629798412323,0.0058255549520254135,0.04897157847881317,0.06569173187017441,0.9999908208847046,4.733710284199333e-06,0.9557448625564575,0.968837320804596,0.7997525930404663,0.9510738253593445,0.7638887166976929,0.5321320295333862,0.7524843215942383,0.9027360677719116,0.24306128919124603,0.660837709903717,0.30659371614456177,0.49891042709350586,0.004591895267367363,0.9536417126655579,0.6719651818275452,0.7511165738105774,0.1484137326478958,0.9905029535293579,0.8903664350509644,0.45819857716560364,0.6235613822937012,0.22040784358978271,0.9999414682388306,0.9998871088027954,0.4341951310634613,0.41898107528686523,0.4388628900051117,0.007682331837713718,0.003855791874229908,0.9999991655349731,0.9905365109443665,0.8750357627868652,0.33088886737823486,0.47279202938079834,0.9962526559829712,0.0810706689953804,0.08280300348997116,0.9822476506233215,0.9997679591178894,0.9999896287918091,0.1347372680902481,0.6781719923019409,0.3050236701965332,0.2578400671482086,0.861431360244751,0.7689688801765442,0.6163603067398071,0.7245938777923584,0.6386914253234863,0.17731986939907074,0.3774205446243286,0.6264997124671936,0.26241737604141235,0.7174952626228333,0.8212396502494812,0.38421037793159485,0.6474605798721313,0.38643133640289307,0.3035016357898712,0.5614250302314758,0.6039714813232422,0.530259907245636,0.3228324055671692,0.5447998046875,0.7395724058151245,0.2990160286426544,0.8502979278564453,0.6312481164932251,0.7149078249931335,0.42019692063331604,0.8470332026481628,0.36445915699005127,0.9093987941741943,0.30500659346580505,0.34063422679901123,0.8104178309440613,0.5003997683525085,0.7762792110443115,0.15438786149024963,0.37615323066711426,0.1057567447423935,0.1654154360294342,0.4887160658836365
3.0,0.019554467871785164,0.15765999257564545,0.07010328769683838,0.2095101773738861,0.31945472955703735,0.34674638509750366,0.026231296360492706,0.1350046545267105,2.1954096155241132e-05,1.0,0.34416741132736206,0.7161821126937866,0.006260200869292021,0.039660535752773285,0.09592578560113907,0.9998283386230469,9.6987045253627e-05,0.9591240286827087,0.9727994203567505,0.7757079601287842,0.9613015651702881,0.7573011517524719,0.5569630861282349,0.7559868693351746,0.9045730829238892,0.29868584871292114,0.577410876750946,0.23533423244953156,0.4057973027229309,0.003818533383309841,0.9808814525604248,0.7302895188331604,0.7021368145942688,0.149131178855896,0.9889243245124817,0.9326283931732178,0.5615054965019226,0.671647310256958,0.28908151388168335,0.999924898147583,0.9997702240943909,0.4686393141746521,0.44668149948120117,0.4626469016075134,0.005191897042095661,0.0024511676747351885,0.9999988079071045,0.9953382015228271,0.9449781775474548,0.34009072184562683,0.5040539503097534,0.9960684776306152,0.09008941054344177,0.06897301226854324,0.9820882678031921,0.9996939897537231,0.9999845027923584,0.10237981379032135,0.6427949666976929,0.2888919413089752,0.22018004953861237,0.8109806776046753,0.7905095815658569,0.5975114703178406,0.6999637484550476,0.6416152715682983,0.16834388673305511,0.41867661476135254,0.5472456216812134,0.22051484882831573,0.6026512980461121,0.7859519124031067,0.41223347187042236,0.7036573886871338,0.3730463981628418,0.3394644856452942,0.6514284014701843,0.5861058235168457,0.530103325843811,0.37862303853034973,0.5331001877784729,0.6737088561058044,0.2940187454223633,0.8616660237312317,0.6514500975608826,0.7248436212539673,0.42441657185554504,0.859290599822998,0.30044305324554443,0.9195912480354309,0.30585089325904846,0.38454657793045044,0.7947395443916321,0.4927046000957489,0.7854028940200806,0.11188080906867981,0.3466706871986389,0.14049032330513,0.20157557725906372,0.5661481618881226
3.0,0.01317560113966465,0.13735248148441315,0.057507310062646866,0.18671905994415283,0.35649237036705017,0.3515090346336365,0.03187664970755577,0.17497862875461578,4.8543228331254795e-05,1.0,0.25246164202690125,0.6615538001060486,0.005358449649065733,0.03422661870718002,0.08434996753931046,0.9999518394470215,2.6749785320134833e-05,0.9612452983856201,0.9753655791282654,0.7942365407943726,0.9664258360862732,0.7614508867263794,0.5081750750541687,0.7573193907737732,0.9090752005577087,0.2553505301475525,0.7771623730659485,0.4414750039577484,0.6720384955406189,0.004203089978545904,0.9853106737136841,0.7667334675788879,0.7252579927444458,0.17011302709579468,0.9882665276527405,0.9250952005386353,0.5876592397689819,0.6908101439476013,0.3172951638698578,0.9999312162399292,0.9998251795768738,0.4657031297683716,0.44636210799217224,0.459614098072052,0.0048893229104578495,0.0023980445694178343,0.999998927116394,0.9951584935188293,0.943743109703064,0.3388890326023102,0.5006972551345825,0.9973374009132385,0.08131349086761475,0.07152506709098816,0.9853816032409668,0.9997724890708923,0.99998939037323,0.11831489950418472,0.6348626613616943,0.3108268082141876,0.26512056589126587,0.8282596468925476,0.7849170565605164,0.6252720355987549,0.6994951963424683,0.6529445648193359,0.19862084090709686,0.3937082588672638,0.5876885652542114,0.25354132056236267,0.6334129571914673,0.8003928661346436,0.44214051961898804,0.6670292615890503,0.3456982374191284,0.3375557065010071,0.6469433903694153,0.533451497554779,0.5463992357254028,0.35471031069755554,0.5169103741645813,0.6949054002761841,0.2980501353740692,0.8415154218673706,0.6442338824272156,0.7315804362297058,0.4491165578365326,0.8568440675735474,0.30664849281311035,0.9049283266067505,0.3263728618621826,0.3656485974788666,0.8298830389976501,0.5254215598106384,0.8009648323059082,0.1507847011089325,0.382717102766037,0.13291257619857788,0.19894175231456757,0.5467963814735413
3.0,0.011140472255647182,0.09620749950408936,0.03390868380665779,0.13012228906154633,0.30593469738960266,0.2853277027606964,0.019083719700574875,0.12876395881175995,2.482743002474308e-05,1.0,0.1791507601737976,0.693454921245575,0.0029179120901972055,0.03927360847592354,0.060954172164201736,0.9999244213104248,4.355049895821139e-05,0.9569349884986877,0.9717303514480591,0.8204463720321655,0.9564642906188965,0.7637268304824829,0.39502355456352234,0.6561971306800842,0.8382700681686401,0.17376022040843964,0.8604816198348999,0.5833888053894043,0.7841451168060303,0.004537488333880901,0.964194655418396,0.7039964199066162,0.7588128447532654,0.16416539251804352,0.9902929067611694,0.9119943380355835,0.4921146631240845,0.6474434733390808,0.2373816817998886,0.999955415725708,0.9998630285263062,0.4237844944000244,0.40513747930526733,0.42744624614715576,0.0072609358467161655,0.003624560311436653,0.9999996423721313,0.9910045862197876,0.8736359477043152,0.32458069920539856,0.4636145830154419,0.9974836707115173,0.07270478457212448,0.09867638349533081,0.9916541576385498,0.9998741149902344,0.9999945163726807,0.1849932223558426,0.6680442094802856,0.3312922418117523,0.27180132269859314,0.8374879956245422,0.7159889340400696,0.6018361449241638,0.7106461524963379,0.6764504313468933,0.1730491816997528,0.40360528230667114,0.6210059523582458,0.21791522204875946,0.7003986835479736,0.8411134481430054,0.34128645062446594,0.5885643362998962,0.34168949723243713,0.32084184885025024,0.6064252853393555,0.6204223036766052,0.46070238947868347,0.3347196877002716,0.4763038456439972,0.7206146121025085,0.31955933570861816,0.8537113666534424,0.6065675020217896,0.729285717010498,0.40769585967063904,0.8592698574066162,0.32633325457572937,0.9002718329429626,0.3382893204689026,0.2839497923851013,0.8283973336219788,0.4382448196411133,0.8010082244873047,0.1535644680261612,0.36416423320770264,0.09334203600883484,0.14181768894195557,0.5311653017997742
3.0,0.011446988210082054,0.1183248907327652,0.04708492383360863,0.16458524763584137,0.38591739535331726,0.33085477352142334,0.04685172066092491,0.1853545904159546,3.5201894206693396e-05,1.0,0.19320327043533325,0.6607648730278015,0.0017442128155380487,0.0321618989109993,0.08820097148418427,0.9999911785125732,4.704892489826307e-06,0.9489915370941162,0.9664499759674072,0.8405022025108337,0.9576575756072998,0.7297309637069702,0.34928902983665466,0.54292231798172,0.7175745964050293,0.13559271395206451,0.9610165953636169,0.858924925327301,0.9522205591201782,0.005486354697495699,0.9791637063026428,0.7844597697257996,0.7088174819946289,0.22116373479366302,0.9857849478721619,0.8786448836326599,0.5329408049583435,0.6754549741744995,0.260418564081192,0.999954342842102,0.9999204874038696,0.4547751247882843,0.419782429933548,0.45362070202827454,0.009624921716749668,0.004572206176817417,0.9999996423721313,0.9888535737991333,0.8522423505783081,0.32162967324256897,0.4966713488101959,0.9959753155708313,0.09162644296884537,0.42651355266571045,0.9851994514465332,0.9998082518577576,0.99998939037323,0.5235241055488586,0.5788562893867493,0.32401955127716064,0.27876806259155273,0.7992832660675049,0.745489239692688,0.6519004702568054,0.6963950991630554,0.6618754267692566,0.23707428574562073,0.36109861731529236,0.6114451289176941,0.2884064018726349,0.6613239049911499,0.788647472858429,0.4089578092098236,0.5810921788215637,0.3895326852798462,0.3077014684677124,0.5834606885910034,0.5355645418167114,0.5034412145614624,0.40594083070755005,0.5340523719787598,0.7277064323425293,0.28254130482673645,0.8085126280784607,0.6700919270515442,0.7851571440696716,0.40117770433425903,0.8726699352264404,0.2769429087638855,0.8885807394981384,0.4034920930862427,0.34042590856552124,0.8345754146575928,0.4545097351074219,0.785098671913147,0.19485893845558167,0.44775545597076416,0.09861331433057785,0.16069939732551575,0.5999829173088074
0.0,0.007943635806441307,0.08836284279823303,0.026739289984107018,0.12509484589099884,0.37406066060066223,0.3091981112957001,0.04013407602906227,0.17529693245887756,1.968993092305027e-05,1.0,0.2546223998069763,0.6947843432426453,0.0015451493673026562,0.031036196276545525,0.07344512641429901,0.9999895095825195,5.703446277038893e-06,0.9444141983985901,0.9642292261123657,0.8412352800369263,0.951649010181427,0.7503456473350525,0.22725921869277954,0.41420701146125793,0.5632309913635254,0.11079960316419601,0.9727915525436401,0.8999048471450806,0.9711016416549683,0.00378015311434865,0.9677137136459351,0.773688793182373,0.7397142648696899,0.20520253479480743,0.9887624382972717,0.8899751901626587,0.46351107954978943,0.6446471810340881,0.207685649394989,0.9999654293060303,0.999935507774353,0.43754255771636963,0.40344202518463135,0.4396284222602844,0.013356875628232956,0.006386952940374613,0.9999997615814209,0.985751211643219,0.800448477268219,0.31416815519332886,0.484274685382843,0.9962371587753296,0.08524937182664871,0.4888065755367279,0.9886677861213684,0.9998584985733032,0.9999873638153076,0.628046452999115,0.6006617546081543,0.32828593254089355,0.29028329253196716,0.7990298271179199,0.7214512228965759,0.5937613248825073,0.6660343408584595,0.6703557372093201,0.2227907031774521,0.3624831438064575,0.6187222599983215,0.2546209990978241,0.681869387626648,0.8119487762451172,0.4000956118106842,0.5237690210342407,0.3999122083187103,0.27690014243125916,0.5603763461112976,0.5459299087524414,0.4225763976573944,0.41688624024391174,0.507178544998169,0.7550672888755798,0.3070424497127533,0.8194900155067444,0.6617497205734253,0.7803522944450378,0.3693881928920746,0.8686019778251648,0.313520222902298,0.8924133777618408,0.37753117084503174,0.3337008059024811,0.8243356943130493,0.3954993784427643,0.8002952337265015,0.1977900117635727,0.39412668347358704,0.07668620347976685,0.16579653322696686,0.6033271551132202
3.0,0.011900670826435089,0.13966058194637299,0.05689685791730881,0.20137052237987518,0.4300537705421448,0.37491026520729065,0.08275143802165985,0.21656112372875214,2.402426616754383e-05,1.0,0.2504391074180603,0.6206707954406738,0.0014509913744404912,0.03031349368393421,0.1089789867401123,0.999990701675415,4.85462578581064e-06,0.939582884311676,0.9551333785057068,0.8413741588592529,0.9518360495567322,0.6952615976333618,0.38481268286705017,0.4499369263648987,0.5848484635353088,0.15240953862667084,0.9722084403038025,0.9007313847541809,0.9716659784317017,0.0061178007163107395,0.9727098345756531,0.7821170091629028,0.6405790448188782,0.2586542069911957,0.9836962223052979,0.8773801326751709,0.5490559339523315,0.6915671229362488,0.26532652974128723,0.9999500513076782,0.9999229907989502,0.4803377091884613,0.4353083670139313,0.475312203168869,0.014735548757016659,0.006611495744436979,0.9999996423721313,0.9853801131248474,0.8186951875686646,0.3205426037311554,0.5246900320053101,0.992397129535675,0.1175069659948349,0.7258562445640564,0.9699481129646301,0.9997265934944153,0.9999817609786987,0.7381459474563599,0.49118807911872864,0.2986750304698944,0.2639879584312439,0.7618866562843323,0.7616623640060425,0.6790525913238525,0.7085520029067993,0.6524158716201782,0.261618971824646,0.3398566246032715,0.541874349117279,0.3028285503387451,0.6213102340698242,0.755974531173706,0.4625771939754486,0.5588997602462769,0.40553364157676697,0.27259305119514465,0.5673823356628418,0.47286930680274963,0.4960595965385437,0.48416635394096375,0.5913510322570801,0.6942528486251831,0.24560286104679108,0.7791483402252197,0.7189990282058716,0.8115933537483215,0.40609002113342285,0.8861292600631714,0.24943189322948456,0.9043455719947815,0.4538027346134186,0.39287710189819336,0.8458534479141235,0.4203786849975586,0.7697961330413818,0.17408981919288635,0.4504178464412689,0.1030978411436081,0.17360547184944153,0.6295376420021057
1.0,0.006069112103432417,0.09804610908031464,0.030028853565454483,0.14606772363185883,0.43452519178390503,0.35316571593284607,0.08311256766319275,0.21659021079540253,2.664636485860683e-05,1.0,0.3120706379413605,0.6351133584976196,0.0012311572209000587,0.026038119569420815,0.0991654098033905,0.9999897480010986,5.639725713990629e-06,0.9394785761833191,0.9642804265022278,0.8540636301040649,0.9577183127403259,0.7374595403671265,0.19686223566532135,0.2897162437438965,0.3729613423347473,0.09843487292528152,0.9905063509941101,0.966324508190155,0.9929792284965515,0.004172551911324263,0.9831826686859131,0.8406245708465576,0.7119660973548889,0.255901038646698,0.9835844039916992,0.8866850733757019,0.5309149026870728,0.6909364461898804,0.24841667711734772,0.9999667406082153,0.9999274015426636,0.4662754535675049,0.4212840497493744,0.461076021194458,0.01319950446486473,0.006046144291758537,0.9999997615814209,0.9872717261314392,0.8237245082855225,0.31265148520469666,0.5148739814758301,0.9956958293914795,0.09882069379091263,0.7902043461799622,0.9876195192337036,0.9998592138290405,0.9999874830245972,0.8453203439712524,0.522962749004364,0.31346505880355835,0.3150080740451813,0.7290312051773071,0.7419754266738892,0.6329169869422913,0.652202308177948,0.6568607091903687,0.27023059129714966,0.3262999653816223,0.5818217992782593,0.3071326017379761,0.6116511225700378,0.7574303150177002,0.4587710201740265,0.4974706172943115,0.41508856415748596,0.26757004857063293,0.5846914649009705,0.4659889340400696,0.4458353519439697,0.5019097924232483,0.5494746565818787,0.7470130324363708,0.27127018570899963,0.7898203134536743,0.7095238566398621,0.8314061760902405,0.3703620135784149,0.882449746131897,0.2988228499889374,0.890450656414032,0.4712352752685547,0.3847649395465851,0.8381638526916504,0.3877194821834564,0.7744442820549011,0.2231655865907669,0.443111389875412,0.0801955908536911,0.18485629558563232,0.643330991268158
2.0,0.055174920707941055,0.31583768129348755,0.09118237346410751,0.3310811221599579,0.4456726908683777,0.49967822432518005,0.17231915891170502,0.22345833480358124,1.715596590656787e-05,1.0,0.9167512059211731,0.20574887096881866,0.15046904981136322,0.06133482605218887,0.15928208827972412,0.9999994039535522,2.382877966056185e-07,0.967036783695221,0.9461886882781982,0.8266116380691528,0.981478214263916,0.8779698610305786,0.4007565975189209,0.5752882957458496,0.6721320748329163,0.4487442672252655,0.40622231364250183,0.195203959941864,0.2535739541053772,0.005509430542588234,0.933438777923584,0.8559346199035645,0.7433401942253113,0.45325377583503723,0.9853934645652771,0.8604675531387329,0.5584532022476196,0.6879732608795166,0.28695613145828247,0.999710738658905,0.999790608882904,0.59067302942276,0.5629670023918152,0.5622112154960632,0.020852526649832726,0.009078106842935085,0.9999407529830933,0.9900836944580078,0.9251627326011658,0.3896906077861786,0.6246533393859863,0.828230619430542,0.2949356138706207,0.8188332915306091,0.5396191477775574,0.9975553154945374,0.9900513291358948,0.8209066390991211,0.5845843553543091,0.19919149577617645,0.1903843879699707,0.6813066005706787,0.733568549156189,0.6070278882980347,0.4940723776817322,0.5205456018447876,0.4641891419887543,0.3160897195339203,0.47335362434387207,0.35648390650749207,0.5265935659408569,0.5778177976608276,0.6016242504119873,0.5247420072555542,0.5814629793167114,0.18707144260406494,0.585700273513794,0.21423189342021942,0.6273303031921387,0.5906198620796204,0.7350823879241943,0.6707179546356201,0.35996076464653015,0.6798567771911621,0.8356679081916809,0.6885097026824951,0.30353257060050964,0.916565477848053,0.17344389855861664,0.8764746189117432,0.44343364238739014,0.6176624894142151,0.859099805355072,0.4460160434246063,0.7590866684913635,0.11277315020561218,0.5775867104530334,0.16699498891830444,0.5298018455505371,0.7699732184410095
2.0,0.05048216134309769,0.2680487334728241,0.07427576929330826,0.26171165704727173,0.4381055235862732,0.4467177987098694,0.16027601063251495,0.22642935812473297,1.9830984456348233e-05,1.0,0.9159595966339111,0.21922196447849274,0.022552549839019775,0.04757416248321533,0.16477827727794647,0.9999991655349731,3.427867341088131e-07,0.9490711092948914,0.9335789084434509,0.7796133160591125,0.9718708395957947,0.7944015860557556,0.3048844635486603,0.40885016322135925,0.4701277017593384,0.4114737808704376,0.6726016998291016,0.41877835988998413,0.6099945902824402,0.006621553096920252,0.8992732763290405,0.7546040415763855,0.6521468758583069,0.35108110308647156,0.9798491597175598,0.8196578025817871,0.508826732635498,0.656365692615509,0.25349918007850647,0.9997195601463318,0.999729573726654,0.5597499012947083,0.5329481363296509,0.5373229384422302,0.02516835741698742,0.011453492566943169,0.9999502897262573,0.9867896437644958,0.8897488117218018,0.3756777346134186,0.5977347493171692,0.8669392466545105,0.2558996081352234,0.8607783913612366,0.5480567216873169,0.9963136315345764,0.9906596541404724,0.8618067502975464,0.5115278363227844,0.229777991771698,0.18463049829006195,0.7070311307907104,0.695395290851593,0.5514352917671204,0.5793644785881042,0.5455493927001953,0.40776053071022034,0.31368890404701233,0.43488726019859314,0.35109764337539673,0.534506618976593,0.6250749230384827,0.6287280321121216,0.5031259059906006,0.6094490885734558,0.21926578879356384,0.5919408202171326,0.23801256716251373,0.6024346351623535,0.5117167830467224,0.702459454536438,0.7113427519798279,0.38079535961151123,0.6741597652435303,0.7686557173728943,0.6565666198730469,0.26904863119125366,0.9012138247489929,0.17743079364299774,0.8556431531906128,0.4002322554588318,0.5803955793380737,0.8313676714897156,0.3960472047328949,0.8303592205047607,0.1050916388630867,0.5091380476951599,0.1561528593301773,0.5375251173973083,0.7725030779838562
2.0,0.02929512783885002,0.20357520878314972,0.05560585856437683,0.20496529340744019,0.4151451885700226,0.3844597637653351,0.1479378342628479,0.20905394852161407,3.5943743569077924e-05,1.0,0.8866695761680603,0.28892982006073,0.0034389090724289417,0.03489396348595619,0.1828320473432541,0.999998927116394,4.722050164218672e-07,0.9424154758453369,0.9436303973197937,0.7756643295288086,0.9652849435806274,0.7269351482391357,0.12926675379276276,0.19116021692752838,0.18275415897369385,0.2592886686325073,0.9283733367919922,0.8251138925552368,0.9513562917709351,0.007027879357337952,0.942737340927124,0.7294425368309021,0.6085367798805237,0.2632364332675934,0.9682522416114807,0.7510230541229248,0.4624338448047638,0.6332954168319702,0.21680663526058197,0.9998601675033569,0.999760091304779,0.5239695310592651,0.48773694038391113,0.5096212029457092,0.01890750788152218,0.00876600667834282,0.9999809265136719,0.9874327778816223,0.8697704672813416,0.34804481267929077,0.5689727663993835,0.9519180059432983,0.18589848279953003,0.911301851272583,0.8261502981185913,0.9971134662628174,0.9966603517532349,0.9306243658065796,0.439205139875412,0.2705300748348236,0.2090935856103897,0.6933907270431519,0.6241676807403564,0.5115958452224731,0.5942636728286743,0.5270172357559204,0.3246321380138397,0.28669655323028564,0.4399447739124298,0.35822978615760803,0.5224949717521667,0.6635244488716125,0.6013602018356323,0.4748091995716095,0.648413360118866,0.25610557198524475,0.5744791030883789,0.32147958874702454,0.5275183916091919,0.5413628816604614,0.6334488987922668,0.7755333185195923,0.3716186285018921,0.7110745310783386,0.7093948721885681,0.6601245403289795,0.20897386968135834,0.8927792310714722,0.1748349517583847,0.8170768022537231,0.39384275674819946,0.5756325721740723,0.8008415699005127,0.3514981269836426,0.8446791172027588,0.1210634708404541,0.42177894711494446,0.13732320070266724,0.5369676947593689,0.7372885346412659
0.0,0.00889953225851059,0.12693414092063904,0.022272499278187752,0.1485312581062317,0.43260133266448975,0.3787912428379059,0.10727152973413467,0.23539765179157257,1.824761238822248e-05,1.0,0.8866392970085144,0.2895062565803528,0.003168895374983549,0.034203652292490005,0.11992532014846802,0.9999958276748657,2.0266504634491866e-06,0.9405532479286194,0.9531859159469604,0.7980320453643799,0.9619742631912231,0.747073769569397,0.1531704068183899,0.24610288441181183,0.27489227056503296,0.22691121697425842,0.9531388878822327,0.8794910907745361,0.9708504676818848,0.004894807934761047,0.9670734405517578,0.7426176071166992,0.6443158388137817,0.2816922962665558,0.9731513261795044,0.8339495062828064,0.4289887845516205,0.6204214692115784,0.1931437849998474,0.9998764991760254,0.999734103679657,0.5062289237976074,0.46909382939338684,0.49588343501091003,0.018713653087615967,0.008770838379859924,0.9999918937683105,0.988974928855896,0.8785259127616882,0.34122946858406067,0.5554709434509277,0.9659096002578735,0.15372194349765778,0.8597144484519958,0.9058660864830017,0.998307466506958,0.9990221261978149,0.8852527141571045,0.45790955424308777,0.2622801661491394,0.24429796636104584,0.7585266828536987,0.6632383465766907,0.5057418942451477,0.6115973591804504,0.5734711289405823,0.2950095534324646,0.2996545433998108,0.4762084484100342,0.307748407125473,0.5408090949058533,0.7203364968299866,0.6378403902053833,0.4920918345451355,0.6509312987327576,0.22900527715682983,0.5849965214729309,0.3701164424419403,0.4822685420513153,0.5236894488334656,0.592521071434021,0.7811056971549988,0.4361722469329834,0.7307254076004028,0.6905001401901245,0.7155131697654724,0.2309388965368271,0.8720684051513672,0.22928765416145325,0.836690366268158,0.3572288453578949,0.5616241693496704,0.8038259148597717,0.3728451132774353,0.8377408385276794,0.13888230919837952,0.3801960051059723,0.09975196421146393,0.4665633738040924,0.6940274834632874
2.0,0.01960914023220539,0.15073177218437195,0.044235628098249435,0.16843585669994354,0.40839794278144836,0.3445635735988617,0.1095728725194931,0.20818668603897095,5.138930646353401e-05,1.0,0.8449438214302063,0.3074418306350708,0.0017550312913954258,0.036625832319259644,0.15862266719341278,0.9999991655349731,3.695487862387381e-07,0.9397884607315063,0.9533750414848328,0.820591390132904,0.9609379768371582,0.6995717883110046,0.10370979458093643,0.1961175948381424,0.20234061777591705,0.15658317506313324,0.9734994769096375,0.9286792278289795,0.9873328804969788,0.007068707142025232,0.975691020488739,0.7683589458465576,0.6328044533729553,0.2299310564994812,0.968159556388855,0.7224165201187134,0.42579197883605957,0.6158391237258911,0.19168387353420258,0.9999347925186157,0.9998809099197388,0.48790451884269714,0.4463494122028351,0.485446959733963,0.021592026576399803,0.010334032587707043,0.9999967813491821,0.9851521253585815,0.8302432894706726,0.3261827826499939,0.5378100275993347,0.9783238172531128,0.15294131636619568,0.9384574890136719,0.928705632686615,0.9979709982872009,0.9989584684371948,0.9495924711227417,0.4629839360713959,0.2845759391784668,0.23693591356277466,0.7625200152397156,0.5909663438796997,0.5117965340614319,0.5827829241752625,0.5096726417541504,0.2443791627883911,0.28445014357566833,0.5196986198425293,0.3961338400840759,0.5961748361587524,0.7077608108520508,0.5496566295623779,0.45708298683166504,0.6385102868080139,0.24448314309120178,0.4859637916088104,0.40652158856391907,0.4935959577560425,0.5098889470100403,0.6046305298805237,0.796814501285553,0.34576377272605896,0.7376547455787659,0.6896471977233887,0.7111461162567139,0.2129509001970291,0.87668776512146,0.2114882469177246,0.8278799653053284,0.4211978316307068,0.5138289928436279,0.8015930652618408,0.34932902455329895,0.8171513676643372,0.16037510335445404,0.39729541540145874,0.09685781598091125,0.4500683546066284,0.6759459972381592
3.0,0.03030621074140072,0.19296894967556,0.06327062845230103,0.2052806317806244,0.4109571874141693,0.35660380125045776,0.11052263528108597,0.209736630320549,5.062525815446861e-05,1.0,0.8441382050514221,0.31087979674339294,0.002513906452804804,0.0414869450032711,0.1673196703195572,0.9999994039535522,2.7267927293905814e-07,0.938454270362854,0.9470396041870117,0.8256682753562927,0.9616190791130066,0.6999551057815552,0.13732756674289703,0.21617087721824646,0.21923966705799103,0.17382757365703583,0.9661495685577393,0.9085063338279724,0.9773814678192139,0.009060995653271675,0.9697349667549133,0.7579916715621948,0.625537097454071,0.24740783870220184,0.9630195498466492,0.6678980588912964,0.4161939024925232,0.6044844388961792,0.19023928046226501,0.999914288520813,0.9998701810836792,0.4940701723098755,0.4533300995826721,0.49138349294662476,0.024844707921147346,0.012000417336821556,0.9999947547912598,0.9822894930839539,0.8140758275985718,0.33087804913520813,0.542043149471283,0.9692265391349792,0.163237065076828,0.9412252306938171,0.894569993019104,0.9960337281227112,0.9980441331863403,0.9479135870933533,0.45942822098731995,0.2832029163837433,0.2181587666273117,0.7796902656555176,0.5711867213249207,0.5411734580993652,0.555513858795166,0.46747902035713196,0.25518783926963806,0.2727896273136139,0.5058699250221252,0.4174341559410095,0.58638596534729,0.7044437527656555,0.5545213222503662,0.45724761486053467,0.6446293592453003,0.2450321763753891,0.4742133319377899,0.37292248010635376,0.5115278363227844,0.49881163239479065,0.6509952545166016,0.8110838532447815,0.3500019311904907,0.7487969994544983,0.7047313451766968,0.6664294004440308,0.21140001714229584,0.8761540055274963,0.19565534591674805,0.8200467824935913,0.40227043628692627,0.5517079830169678,0.7789814472198486,0.32388851046562195,0.8212478160858154,0.14834332466125488,0.42057132720947266,0.10479186475276947,0.46081510186195374,0.7064350247383118
0.0,0.031215166673064232,0.20795594155788422,0.05940113216638565,0.2095453441143036,0.43737325072288513,0.3775128722190857,0.12380687147378922,0.23173286020755768,2.1674773961422034e-05,1.0,0.8383697867393494,0.3274300992488861,0.002292395569384098,0.03931840881705284,0.15969756245613098,0.999998927116394,5.142457553120039e-07,0.9252679944038391,0.9336928129196167,0.8066430687904358,0.9568167924880981,0.6843814253807068,0.15006421506404877,0.19896246492862701,0.19384543597698212,0.19535058736801147,0.9680426120758057,0.9125306010246277,0.9746658802032471,0.009360783733427525,0.9499306678771973,0.7226218581199646,0.5937508344650269,0.2649981379508972,0.9604599475860596,0.6915526986122131,0.43532660603523254,0.6131263375282288,0.20320579409599304,0.9998753070831299,0.9997960925102234,0.5049895644187927,0.4641976058483124,0.49678704142570496,0.02923286333680153,0.013961617834866047,0.999990701675415,0.978911280632019,0.7889612317085266,0.3376429080963135,0.5511546730995178,0.9616305232048035,0.1703530102968216,0.9400819540023804,0.8784070611000061,0.9939117431640625,0.997674286365509,0.9444332122802734,0.42555204033851624,0.27987414598464966,0.1961732804775238,0.7735801935195923,0.5578835010528564,0.5615531206130981,0.5685358047485352,0.4756324589252472,0.2871091067790985,0.25500789284706116,0.4765782356262207,0.37678423523902893,0.5829729437828064,0.7013776302337646,0.5750267505645752,0.4597707688808441,0.6452949047088623,0.2480691820383072,0.5224926471710205,0.34348824620246887,0.5177477598190308,0.507996678352356,0.666973888874054,0.8094624876976013,0.3722390830516815,0.7491263747215271,0.7088968753814697,0.6517485976219177,0.21078968048095703,0.8814630508422852,0.17827661335468292,0.8230802416801453,0.3851698637008667,0.5656868815422058,0.765806257724762,0.3032323122024536,0.8306986689567566,0.12469067424535751,0.42534491419792175,0.11293938755989075,0.45142072439193726,0.7380238175392151
3.0,0.015208454802632332,0.2097279131412506,0.056821197271347046,0.21619366109371185,0.5902432799339294,0.4595487415790558,0.435469388961792,0.3659314513206482,4.88942168885842e-06,1.0,0.7790141105651855,0.4713919460773468,0.0008707933593541384,0.03084392473101616,0.15975436568260193,0.9999366998672485,3.368328179931268e-05,0.8309134244918823,0.9125809073448181,0.747399091720581,0.9477254748344421,0.5766527056694031,0.01912263222038746,0.03600713983178139,0.01703546941280365,0.14280202984809875,0.9938994646072388,0.9843420386314392,0.9979999661445618,0.0006658983766101301,0.9505791068077087,0.7603617310523987,0.4756696820259094,0.22069579362869263,0.9618890285491943,0.8876039981842041,0.6060630083084106,0.721383273601532,0.31055089831352234,0.9999592304229736,0.99959796667099,0.5456306338310242,0.48399481177330017,0.5266973972320557,0.028533946722745895,0.012407262809574604,0.9999911785125732,0.9852221608161926,0.8294685482978821,0.3260321617126465,0.5815179347991943,0.9872881174087524,0.17064177989959717,0.9812905192375183,0.9752327799797058,0.9991459846496582,0.9998189806938171,0.9843701124191284,0.2737075686454773,0.28739047050476074,0.22045643627643585,0.6789348125457764,0.6006101369857788,0.7358713150024414,0.6140211820602417,0.44145628809928894,0.3537561297416687,0.16810838878154755,0.3501947820186615,0.28736233711242676,0.5992622971534729,0.5313612818717957,0.67057865858078,0.47452980279922485,0.5079895853996277,0.24017930030822754,0.5407699942588806,0.26204419136047363,0.4049215018749237,0.6006213426589966,0.644930899143219,0.7775769829750061,0.2766217887401581,0.7285634279251099,0.7092903256416321,0.7416409850120544,0.2612749934196472,0.8909673094749451,0.2449241727590561,0.933064877986908,0.5315960645675659,0.6381089091300964,0.7734146118164062,0.29075726866722107,0.7209314703941345,0.07828167825937271,0.3180046081542969,0.1534622311592102,0.43159711360931396,0.7003317475318909
