PSAR,-0.39769194,0.42913806,-0.857019,1.4973571,-0.10839808,0.76673955,0.930775,-0.45791245,1.2048867,-0.95165706,-0.6975886,-0.88783574,-0.62896526,-0.07021177,0.4362437,3.031279,1.2735603,0.35023725,-0.54630953,-0.86559707,-0.680657,-0.2684937,0.26590693,1.0666976,0.5883195,0.07335019,-0.76421314,0.77103645,0.14221174,-0.71653205,-0.50018144,-0.5921316,0.7784736,1.30204,1.4744458,-0.016166091,1.2171597,0.1436165,0.5087488,-0.43437773,-0.23042995,-0.2975083,1.9164795,0.46649927,-0.60986984,-0.73061985,-0.82857805,-0.6370604,-0.28926682,0.4153098,-0.4781013,0.08545059,-0.22797996,1.8343747,-0.8793729,-0.04317957,-0.754568,-0.23087382,1.1131823,-0.8398523,0.29346895,-0.5595849,0.35284007,-0.62762034,0.24917215,-0.48868364,0.37438023,-0.115814865,0.59516543,0.2586081,-0.20645392,1.0012696,-0.17480767,-0.94959426,0.011707008,-0.16997457,-0.6401927,-0.47594452,1.0618677,-0.802608,0.5482578,-0.32317305,-0.18191892,0.75746804,1.1231599,-0.25151128,-0.87694114,-0.40860647,1.0453826,-0.80319965,-0.728574,0.6517453,0.07913649,-0.92991096,-0.61106724,-0.23177594,0.061309338,0.04866612,0.020441711,-0.88017225,-0.2632844,0.38117594,2.5760136,-0.44661954,0.029277802,-0.1046049,0.28678113,0.06441885,-0.87207955,0.7821958,-0.15066218,-0.71237713,0.47994632,-0.0027886033,-0.8564986,-0.008048415,-0.7370636,0.13843971,-0.4074481,-0.71955216,-0.69166744,-0.5870499,0.1456399,0.49861193,-0.91564935,0.26547498,0.23583043,-0.31474143
BollingerBands,-0.37861514,0.405096,-0.85184246,1.4673772,-0.104362965,0.7704971,0.91830593,-0.45310724,1.2160777,-0.95222974,-0.70516527,-0.8880619,-0.6246309,-0.07014716,0.42770374,3.0153265,1.2616358,0.35082197,-0.52641165,-0.86615,-0.67164546,-0.28784126,0.26869512,1.0854032,0.6039168,0.08596277,-0.7653626,0.76497394,0.1504156,-0.70694685,-0.54765475,-0.59668446,0.79724824,1.3178072,1.4663802,-0.03973663,1.2341242,0.13346803,0.5237016,-0.43092838,-0.22392988,-0.29381883,1.9230843,0.48951828,-0.62294114,-0.7311054,-0.82912594,-0.6464641,-0.30274183,0.4230116,-0.48805472,0.091941535,-0.21307033,1.8027177,-0.87991446,-0.065466404,-0.7578682,-0.24793553,1.1153036,-0.84036845,0.3316173,-0.57268834,0.3649252,-0.63616896,0.27212524,-0.5093462,0.38214922,-0.12354857,0.5889105,0.22356123,-0.20808226,0.99702585,-0.1784988,-0.95018333,0.0014494061,-0.15957558,-0.61331123,-0.470207,1.0748378,-0.81292677,0.5343152,-0.3146659,-0.18650448,0.7585874,1.1149169,-0.27714562,-0.8775003,-0.40980282,1.0577426,-0.80362517,-0.7316781,0.630511,0.07058197,-0.90732217,-0.61769944,-0.23129183,0.06880516,0.05344808,0.026435733,-0.8807028,-0.2533738,0.3940283,2.59565,-0.4358015,0.038102984,-0.09126949,0.28300184,0.07740104,-0.8726261,0.80310535,-0.14147449,-0.70098275,0.48270023,-0.010194838,-0.8570509,-0.002562821,-0.7375245,0.102339566,-0.41618365,-0.70895994,-0.69038576,-0.58516586,0.14824384,0.49759358,-0.9161917,0.24915332,0.21888793,-0.3124383
BarMovement,-0.375152,0.39641696,-0.8435477,1.4554873,-0.106454015,0.764714,0.9103422,-0.4545946,1.2181499,-0.95395845,-0.70400184,-0.88963795,-0.61907977,-0.07180756,0.42122638,3.0025442,1.2734795,0.3535024,-0.5252362,-0.867819,-0.66679347,-0.29252744,0.2528392,1.094918,0.59198374,0.08358389,-0.7522078,0.7589434,0.15350932,-0.7055361,-0.55015457,-0.61411864,0.806817,1.3407161,1.4641924,-0.051778436,1.2181765,0.12687069,0.5251002,-0.43021655,-0.21821815,-0.30419648,1.9323201,0.50113153,-0.62448895,-0.73257107,-0.8307795,-0.65509737,-0.31452513,0.41582125,-0.48596278,0.09197897,-0.21264678,1.8162642,-0.881549,-0.06693816,-0.7625785,-0.26106036,1.105981,-0.84192634,0.3137722,-0.5602395,0.368105,-0.62966704,0.2628991,-0.5123609,0.38515532,-0.1303249,0.5983429,0.21846008,-0.21550608,1.0087708,-0.1702596,-0.95196164,-0.0033242106,-0.1430754,-0.6065518,-0.46430627,1.0716324,-0.8187414,0.54978585,-0.30552012,-0.18732393,0.76193744,1.1089371,-0.27856272,-0.87918836,-0.41552716,1.0419241,-0.8049097,-0.7299302,0.63535964,0.08401728,-0.88804084,-0.6223415,-0.23659521,0.056602776,0.055131078,0.018710017,-0.8823041,-0.2477681,0.39154387,2.5925717,-0.42644387,0.063711345,-0.08993703,0.27442706,0.0807156,-0.874276,0.82660645,-0.13565695,-0.69771594,0.48440808,-0.011211395,-0.8587176,0.0028797984,-0.7389158,0.087445855,-0.42461303,-0.7009462,-0.6901556,-0.5809586,0.14821786,0.50735545,-0.9178286,0.24331129,0.21581042,-0.3080954
MACD,-0.40657037,0.42733037,-0.8576719,1.4841709,-0.106134176,0.77432436,0.9318812,-0.46603322,1.2229301,-0.9523168,-0.6929974,-0.89062494,-0.6374979,-0.048552036,0.45879734,3.002688,1.2636719,0.3594631,-0.547004,-0.86623406,-0.68500024,-0.26756293,0.25040972,1.071822,0.6016418,0.085442126,-0.7651367,0.75831795,0.15538651,-0.7480407,-0.5143266,-0.5972377,0.7772172,1.2953889,1.4601867,-0.0238626,1.2139838,0.13836634,0.502831,-0.4298108,-0.21112168,-0.27859747,1.9257019,0.5034655,-0.61057484,-0.73117936,-0.82920927,-0.6540616,-0.29719496,0.39176154,-0.49234378,0.072974384,-0.22078454,1.8074706,-0.8799968,-0.030585587,-0.750464,-0.21885371,1.1094106,-0.84044695,0.3304559,-0.56867665,0.35332525,-0.63304186,0.27469474,-0.4924785,0.3865475,-0.12525338,0.59390897,0.25613356,-0.1973446,1.0084693,-0.17414868,-0.950273,-0.0022304654,-0.16422957,-0.63231474,-0.47141966,1.0761224,-0.79902786,0.53791666,-0.3151623,-0.20905787,0.7409383,1.1378143,-0.238774,-0.8775854,-0.4181493,1.0649157,-0.80368984,-0.72701013,0.6426903,0.08157271,-0.91718423,-0.6217052,-0.2354176,0.06775004,0.04757929,0.01676035,-0.8807835,-0.25257713,0.40683115,2.6013412,-0.43617114,0.027903676,-0.08544356,0.27989048,0.07521337,-0.8727093,0.7565041,-0.11988771,-0.7212468,0.47927374,-0.015771627,-0.8571348,-0.0155438185,-0.73759454,0.13038576,-0.40038446,-0.70995045,-0.7048539,-0.60252535,0.15072465,0.5066156,-0.91627413,0.20749235,0.22807908,-0.32243663
MACD,-0.4016865,0.43281972,-0.8575278,1.5163133,-0.088489234,0.75930923,0.93674695,-0.4641441,1.2531292,-0.9521711,-0.67559004,-0.90615606,-0.6523643,-0.043202877,0.44139904,2.9963737,1.2666835,0.3675673,-0.5565399,-0.8660934,-0.6904018,-0.22822428,0.2739473,1.0606201,0.6198598,0.0993309,-0.7774791,0.7806713,0.15861511,-0.7361073,-0.5464795,-0.57388943,0.7726429,1.2612119,1.4707532,-0.0114271045,1.2243044,0.14524168,0.470963,-0.43858334,-0.23725486,-0.2378797,1.9126573,0.51338303,-0.6265032,-0.7310558,-0.82906985,-0.6456754,-0.26902997,0.42148346,-0.48730287,0.06292099,-0.22750032,1.7578504,-0.87985903,-0.025933027,-0.743154,-0.21123391,1.1169858,-0.84031564,0.38100582,-0.6154708,0.340159,-0.63684547,0.28390443,-0.49778506,0.37941897,-0.10964632,0.58327943,0.25523645,-0.19240505,0.9879463,-0.18913144,-0.95012313,0.013439953,-0.19458407,-0.65207493,-0.48366922,1.0832376,-0.767105,0.5117545,-0.31474513,-0.21931797,0.7469807,1.1120605,-0.23762596,-0.8774432,-0.39685944,1.085389,-0.8035817,-0.7353809,0.6276094,0.04560566,-0.9581765,-0.6254568,-0.24544495,0.08325118,0.043047667,-0.00461936,-0.8806485,-0.25913805,0.42296875,2.6129036,-0.42831108,0.0034359694,-0.09702271,0.32099897,0.097275496,-0.8725702,0.7778438,-0.14003271,-0.7178543,0.4743592,-0.014834166,-0.8569944,-0.03596127,-0.73747736,0.15903574,-0.388929,-0.7166446,-0.7038677,-0.6048732,0.1439367,0.4865061,-0.9161362,0.24587518,0.1987046,-0.32216066
BeepBoop,-0.36368826,0.37761903,-0.857745,1.4629022,-0.06730336,0.8197689,0.9048061,-0.45846695,1.2555181,-0.95239073,-0.700324,-0.8947091,-0.6337018,-0.05215746,0.4904806,2.9633918,1.1916609,0.3522091,-0.5083469,-0.8663055,-0.6656807,-0.28303868,0.28294057,1.113963,0.65057546,0.13658416,-0.7776679,0.7397395,0.17274892,-0.7443634,-0.60693693,-0.55804837,0.80662763,1.3203154,1.4311249,-0.059995294,1.2798375,0.12834847,0.4866467,-0.4202278,-0.1930275,-0.21977657,1.9296243,0.5568173,-0.6364018,-0.731242,-0.8292799,-0.64624584,-0.3270859,0.40389484,-0.5104772,0.0673818,-0.19632673,1.6613791,-0.8800667,-0.08129656,-0.74990255,-0.23965067,1.137261,-0.8405135,0.426377,-0.6319336,0.3945812,-0.6373356,0.34826565,-0.53976035,0.39539993,-0.13827747,0.58994377,0.21846366,-0.19777232,0.97783935,-0.18792021,-0.95034903,-0.022883058,-0.1783629,-0.59471416,-0.4843003,1.1242558,-0.78051317,0.53340244,-0.3114283,-0.23187602,0.7422016,1.1089281,-0.29997075,-0.8776576,-0.43745798,1.1187408,-0.80374473,-0.7413477,0.5785544,0.012119412,-0.8968158,-0.62673795,-0.23454589,0.10665715,0.045883596,0.025859177,-0.880852,-0.22032756,0.4499731,2.662755,-0.4102666,0.020147204,-0.056093097,0.27788,0.11321628,-0.87277985,0.7558294,-0.08918142,-0.721648,0.47810864,-0.04888791,-0.8572061,-0.011594892,-0.73765403,0.07240462,-0.39638522,-0.6930093,-0.69914186,-0.63004506,0.15778702,0.49516994,-0.9163441,0.13661432,0.18106735,-0.34677362
BollingerBands,-0.3731036,0.36478978,-0.8515939,1.462934,-0.062574744,0.8331943,0.8985493,-0.4610771,1.2688322,-0.9539975,-0.69103754,-0.8976166,-0.6292713,-0.047573745,0.5142132,2.9395537,1.1877079,0.35789835,-0.5111128,-0.86785674,-0.6618895,-0.28129482,0.25472575,1.1247823,0.6378226,0.13410002,-0.7790498,0.72058034,0.18269539,-0.7585362,-0.5989399,-0.57114166,0.8264811,1.3474257,1.4191599,-0.07503289,1.2649199,0.12151879,0.4657815,-0.41406453,-0.17224598,-0.21766967,1.9409,0.5763903,-0.6418772,-0.73260427,-0.83081686,-0.65375465,-0.35505843,0.37273824,-0.5100658,0.05432552,-0.19713873,1.659967,-0.88158596,-0.074094236,-0.75021154,-0.24899131,1.1269648,-0.84196156,0.40980786,-0.61778307,0.40454692,-0.618683,0.3521948,-0.5347642,0.39619482,-0.15910363,0.6094831,0.23757213,-0.19574535,0.9933449,-0.17169309,-0.9520018,-0.036661744,-0.1643154,-0.5908606,-0.4796085,1.1240838,-0.77021694,0.5801791,-0.3032642,-0.24671614,0.7386751,1.1102035,-0.2898379,-0.87922657,-0.46003586,1.0965753,-0.8049387,-0.73895955,0.5756677,0.03341508,-0.8678865,-0.632771,-0.23931944,0.09147191,0.043679237,0.010886133,-0.88234025,-0.21063662,0.45538682,2.6729033,-0.3910002,0.04485929,-0.04445541,0.25187993,0.11424124,-0.8743132,0.7420928,-0.05406058,-0.7330905,0.4791503,-0.05642134,-0.85875535,-0.012176216,-0.7389472,0.05878675,-0.39943245,-0.67694354,-0.7067464,-0.64117223,0.16019702,0.5171317,-0.91786563,0.075591266,0.18558598,-0.35809982
BollingerBands,-0.37358394,0.37578034,-0.8603539,1.4650464,-0.05724442,0.8496473,0.8999316,-0.47207773,1.2631567,-0.95502764,-0.69010776,-0.8973634,-0.63915706,-0.04604435,0.5440232,2.9203162,1.1635906,0.3570584,-0.5219531,-0.86885124,-0.6685101,-0.26634806,0.26916105,1.1297469,0.65494275,0.15730143,-0.7799358,0.7081004,0.19000763,-0.76717275,-0.6043079,-0.5478171,0.79166055,1.3386858,1.4044652,-0.0615021,1.2744529,0.12189895,0.45118427,-0.41667244,-0.15944242,-0.16856349,1.938841,0.61455697,-0.62692785,-0.73347765,-0.8318021,-0.62750053,-0.3412875,0.3631122,-0.51566637,0.04085529,-0.20018607,1.6110957,-0.8825599,-0.073902726,-0.7442781,-0.22036505,1.1458759,-0.8428899,0.43974543,-0.64430684,0.40497512,-0.6229787,0.37139064,-0.55323195,0.40197372,-0.1496898,0.60422134,0.24529088,-0.20726323,0.9823144,-0.18016434,-0.9530613,-0.04064125,-0.17828006,-0.59563214,-0.4906626,1.1554991,-0.7529842,0.5574818,-0.3078997,-0.2730173,0.72413284,1.1115171,-0.28838444,-0.8802323,-0.46658045,1.1423215,-0.80570406,-0.73873675,0.5640443,0.0010029674,-0.8792196,-0.63591886,-0.22851706,0.11686659,0.03472799,0.010657072,-0.8832943,-0.19042075,0.4826482,2.6936905,-0.3929729,0.023183644,-0.0332551,0.27176803,0.124635994,-0.8752962,0.72207564,-0.04104054,-0.75133467,0.47304505,-0.07692689,-0.8597485,-0.01560384,-0.7397762,0.06787616,-0.37136942,-0.68336457,-0.7158162,-0.6600251,0.16287553,0.5072306,-0.9188409,0.03764087,0.16338384,-0.37160915
BeepBoop,-0.38518572,0.3843329,-0.8551263,1.4577528,-0.089883626,0.8296344,0.9108315,-0.46491545,1.2205374,-0.95465416,-0.703787,-0.8855681,-0.62896633,-0.061698973,0.51212776,2.9607573,1.1982448,0.35219383,-0.5198154,-0.8684907,-0.66079044,-0.28780514,0.25977695,1.1184047,0.626186,0.11656511,-0.7759805,0.7149155,0.17704964,-0.752512,-0.5682452,-0.5796992,0.8075761,1.344516,1.425133,-0.061552584,1.2601075,0.12641788,0.4983247,-0.41508466,-0.17088896,-0.24205184,1.9428604,0.5586423,-0.6225397,-0.733161,-0.8314448,-0.6500844,-0.3442183,0.36946976,-0.5072191,0.06827563,-0.20176303,1.6991051,-0.8822068,-0.06917876,-0.75043,-0.23511457,1.124538,-0.84255326,0.37669408,-0.59610367,0.39085078,-0.6304188,0.33300436,-0.5238602,0.39864713,-0.13732958,0.6049624,0.24020427,-0.20004243,1.0049295,-0.1715247,-0.95267713,-0.035921752,-0.15866631,-0.5960981,-0.4806883,1.113713,-0.78972,0.5556651,-0.30830872,-0.23888004,0.74000496,1.1231874,-0.27581787,-0.8798676,-0.45735928,1.1055149,-0.80542654,-0.7316755,0.5915731,0.060587764,-0.87798333,-0.6309579,-0.23244631,0.08675504,0.044974387,0.03165865,-0.88294834,-0.20518601,0.44505745,2.6495163,-0.41068953,0.047235787,-0.046876848,0.25363833,0.09482944,-0.8749398,0.73318285,-0.07334483,-0.73833096,0.4762717,-0.048560202,-0.8593884,-0.0052908063,-0.7394757,0.07881904,-0.39743385,-0.68862045,-0.70424753,-0.6294179,0.16314244,0.5148538,-0.91848725,0.09899002,0.19635844,-0.35579503
BollingerBands,-0.3854314,0.42415637,-0.8566122,1.5055234,-0.0928455,0.7181719,0.9244521,-0.44919765,1.2629421,-0.95124596,-0.67433554,-0.9052102,-0.63501745,-0.054548204,0.3702463,3.0281754,1.3184553,0.36686563,-0.54712623,-0.8652001,-0.68688893,-0.24623775,0.25961095,1.0523136,0.59145266,0.07436752,-0.7676482,0.8111513,0.13926673,-0.67555356,-0.54207855,-0.6053622,0.7943119,1.28371,1.4953392,-0.019266248,1.199261,0.1410948,0.4836402,-0.44698063,-0.26987058,-0.28659302,1.9067382,0.46880573,-0.63860714,-0.73027134,-0.82818484,-0.6424911,-0.26461262,0.45359993,-0.46821776,0.08304256,-0.22922152,1.8421358,-0.8789841,-0.03247732,-0.7573623,-0.25095314,1.0971646,-0.83948183,0.3289073,-0.5841093,0.3379867,-0.62781626,0.23128265,-0.49443698,0.36684072,-0.11794007,0.58373785,0.23245412,-0.20509785,0.98888737,-0.17861462,-0.94917136,0.033896685,-0.17684847,-0.64687026,-0.46709415,1.0486579,-0.79108065,0.5331967,-0.31324613,-0.1744085,0.7650859,1.087548,-0.26111472,-0.8765397,-0.37198234,1.017169,-0.8028942,-0.7367945,0.6501636,0.06049764,-0.9461234,-0.6171127,-0.25298446,0.053022563,0.053434014,-0.017162323,-0.8797915,-0.28871638,0.37457353,2.5695543,-0.4320328,0.038129866,-0.12941909,0.32451725,0.08782047,-0.87168723,0.85387695,-0.17651874,-0.68551964,0.4845379,0.0150773525,-0.8561022,-0.025835037,-0.7367327,0.14238137,-0.4132449,-0.7141037,-0.68912125,-0.5644735,0.13281763,0.49064046,-0.9152601,0.33742017,0.21280432,-0.2844199
Stochastic,-0.43599647,0.5815156,-0.8540288,1.6632068,-0.13307983,0.61330193,1.0229232,-0.47077,1.2591641,-0.9486349,-0.61606693,-0.9025408,-0.7031665,-0.005917251,0.32944185,3.0054274,1.4376652,0.43630493,-0.68379307,-0.8626793,-0.7487162,-0.10809225,0.225389,0.90453464,0.537097,-0.03623396,-0.7744378,0.81355816,0.163014,-0.7099189,-0.4404658,-0.6047684,0.7503275,1.2279949,1.5264572,0.048944056,1.07585,0.1453681,0.42880124,-0.47828174,-0.31429625,-0.2850781,1.8538381,0.48743498,-0.63762254,-0.72805756,-0.8256874,-0.7075721,-0.11583698,0.43999374,-0.43784583,0.0035539865,-0.28593147,1.9627318,-0.8765153,0.12753385,-0.70866764,-0.1414845,1.0074674,-0.83712876,0.31865698,-0.5968522,0.17245835,-0.6263832,0.15765041,-0.34656054,0.3378433,-0.06645483,0.58923554,0.35209984,-0.10305327,1.031501,-0.17290962,-0.9464857,0.06342679,-0.23028088,-0.72956955,-0.457938,0.9684638,-0.68941224,0.43424445,-0.29138947,-0.25815725,0.7273292,1.1019611,-0.04136896,-0.87399024,-0.29241878,0.96081424,-0.80095416,-0.7390325,0.70708245,0.19118154,-1.0078511,-0.63408476,-0.30613518,-0.0009816885,0.0426296,-0.11350036,-0.87737316,-0.33724982,0.39239067,2.545155,-0.44292927,-0.032322288,-0.15158361,0.40564978,0.042580843,-0.8691954,0.7791514,-0.23469043,-0.74599826,0.47157514,0.053140998,-0.85358477,-0.13975209,-0.7346313,0.37441677,-0.3380288,-0.7604008,-0.7471725,-0.5814155,0.106720686,0.4854725,-0.91278785,0.40366143,0.26701522,-0.291283
BeepBoop,-0.37704873,0.36985028,-0.86271363,1.5918009,0.11652231,0.96687996,0.9409022,-0.46204072,1.5130186,-0.73594,-0.60918075,-0.91151464,-0.6796651,0.024222016,0.7011357,2.7305062,0.9897603,0.40134573,-0.58545953,-0.87115383,-0.7301773,-0.13002747,0.25007904,1.1385534,0.7777982,0.18327051,-0.7819869,0.6360237,0.25172454,-0.8220703,-0.6087509,-0.42860553,0.7306063,1.3052111,1.4164724,-0.072874784,1.2774725,0.125408,0.23093045,-0.41549712,-0.14863354,0.11495906,1.7894077,0.7453191,-0.66766393,-0.73549974,-0.8340834,-0.5916462,-0.33913398,0.2599575,-0.5188087,-0.117872715,-0.23464,1.3756251,-0.88481504,-0.019264042,-0.7005258,-0.14899188,1.177385,-0.8450392,0.6375917,-0.77854663,0.44388777,-0.56764627,0.47955966,-0.57260114,0.4123779,-0.28280324,0.60757285,0.40418947,-0.17642492,0.95361495,-0.18913358,-0.9555145,-0.06686127,-0.29057795,-0.6871048,-0.5271226,1.2569399,-0.55274546,0.6584348,-0.36132705,-0.4374564,0.65013117,1.0769867,-0.2793057,-0.8825611,-0.51574445,1.1407495,-0.8074761,-0.76127726,0.49935573,-0.1453805,-0.86909634,-0.65535283,-0.26271796,0.27343822,-0.012292862,-0.19894052,-0.88550335,-0.1691193,0.65597916,2.8399556,-0.32533407,-0.13338017,0.05245471,0.33781958,0.17534316,-0.8775723,0.5456,0.13092703,-0.7858774,0.43721873,-0.16603899,-0.86204803,-0.10881138,-0.6782757,0.1510647,-0.2893596,-0.67746943,-0.7965321,-0.77038217,0.14243901,0.46856374,-0.9210991,-0.27036637,0.1199795,-0.4716996
BollingerBands,-0.3925146,0.42950058,-0.85658884,1.5051814,-0.101024866,0.73036367,0.931343,-0.4526555,1.2399316,-0.9512222,-0.68180716,-0.90304077,-0.63698345,-0.061284363,0.38978362,3.0251908,1.3026268,0.36370254,-0.55021065,-0.8651773,-0.68450963,-0.2504211,0.26800627,1.0539467,0.595588,0.073462844,-0.77291065,0.79820675,0.14424425,-0.68683475,-0.5348459,-0.595863,0.7873532,1.277813,1.4906482,-0.017802417,1.2087086,0.14082468,0.49855894,-0.44309235,-0.25895798,-0.28900868,1.909586,0.4700935,-0.6292718,-0.73025125,-0.82816225,-0.6434516,-0.2655095,0.4463246,-0.47425216,0.083013415,-0.22887671,1.8341713,-0.87896174,-0.036438525,-0.7530888,-0.2375896,1.1061633,-0.83946043,0.32981062,-0.5837951,0.3354566,-0.63395923,0.24259675,-0.49048173,0.37038165,-0.11099684,0.580896,0.2388928,-0.20286506,0.9910212,-0.18264002,-0.949147,0.026254654,-0.17814529,-0.6473614,-0.4719026,1.0552962,-0.7922822,0.52078843,-0.31359583,-0.18170768,0.76305836,1.1016406,-0.24989522,-0.8765166,-0.37914923,1.0359548,-0.8028765,-0.7345014,0.64848673,0.06973678,-0.9484625,-0.61833984,-0.24407655,0.06033051,0.0514282,-0.0036078691,-0.87976956,-0.28029203,0.38289565,2.5761209,-0.43763447,0.0282529,-0.118213534,0.3184008,0.081386685,-0.8716646,0.82751423,-0.1727466,-0.69347626,0.48131096,0.0077908635,-0.85607946,-0.02279383,-0.73671365,0.14884311,-0.40640473,-0.7186124,-0.6920697,-0.57245207,0.13759089,0.48738372,-0.91523767,0.31804657,0.21848905,-0.29692847
BeepBoop,-0.3360303,0.36973333,-0.86055577,1.552228,0.1548729,0.94860023,0.9117698,-0.4554543,1.5970669,-0.7262553,-0.5933035,-0.90928495,-0.67414397,0.029857814,0.6659155,2.7106848,0.97929305,0.40884852,-0.58357406,-0.86904824,-0.7423227,-0.1444847,0.25546336,1.1473515,0.8097099,0.20258433,-0.7801112,0.65208846,0.24937814,-0.8200992,-0.64924574,-0.41838938,0.7078132,1.313435,1.4061913,-0.09101099,1.2828333,0.11578375,0.20650917,-0.42633262,-0.16185147,0.15801966,1.7777188,0.78904355,-0.66577363,-0.7336507,-0.8319973,-0.5994911,-0.32570648,0.271285,-0.52301896,-0.13058662,-0.22924381,1.3622413,-0.8827529,-0.037864864,-0.6975715,-0.16359723,1.2004385,-0.8430737,0.6972973,-0.7742212,0.45081097,-0.56366104,0.4848085,-0.60659575,0.4118542,-0.3159485,0.5874801,0.3915738,-0.1998815,0.9139947,-0.19584137,-0.9532712,-0.05664611,-0.2908699,-0.66753966,-0.5116712,1.2888342,-0.54470026,0.65359044,-0.35529113,-0.4372033,0.6368276,1.0607686,-0.33347327,-0.88043153,-0.5014223,1.1350852,-0.80585563,-0.77159846,0.4901269,-0.18880045,-0.8562802,-0.6554397,-0.27191818,0.29383743,-0.011411488,-0.23112917,-0.8834833,-0.17856401,0.6564408,2.849697,-0.3185646,-0.13974601,0.05171615,0.35194337,0.19726759,-0.87549096,0.5854802,0.15401274,-0.7839243,0.44181097,-0.1833489,-0.85994524,-0.106631994,-0.64790434,0.10933375,-0.293815,-0.6722029,-0.79998934,-0.763616,0.13000184,0.45529133,-0.91903406,-0.262025,0.082921386,-0.45029518
Stochastic,-0.39339873,0.4917521,-0.85488135,1.591573,-0.12186384,0.64219654,0.9713906,-0.45202678,1.2677381,-0.9494964,-0.6448282,-0.90342164,-0.6580877,-0.051037133,0.32572216,3.0178533,1.4008231,0.40691602,-0.60560936,-0.8635111,-0.7067368,-0.1850949,0.23518956,0.9763822,0.55162317,-0.004062474,-0.77517873,0.8237254,0.1481843,-0.648329,-0.47918263,-0.6218889,0.8050413,1.2619201,1.5362773,-0.0047493577,1.131953,0.13854736,0.47559327,-0.45401236,-0.30623692,-0.32895398,1.8769296,0.45228094,-0.6465088,-0.72878796,-0.8265115,-0.67863405,-0.21251637,0.46232015,-0.4478289,0.057856083,-0.26158524,1.9571476,-0.87732995,0.03494221,-0.73832643,-0.22053546,1.0457683,-0.83790517,0.2901193,-0.5635428,0.25562203,-0.6288581,0.17115718,-0.41878587,0.34356606,-0.090188384,0.57346517,0.2825421,-0.16102695,1.0177147,-0.16890854,-0.9473719,0.051614225,-0.19188601,-0.72882414,-0.470516,0.9805553,-0.75322473,0.4976015,-0.30427182,-0.19366813,0.7629514,1.0837753,-0.14135367,-0.87483144,-0.32755572,0.94920766,-0.80159426,-0.7303935,0.6957918,0.15603215,-1.0087581,-0.6379713,-0.2839775,0.00910759,0.04701686,-0.067871094,-0.8781711,-0.32162458,0.36947614,2.5215638,-0.4307553,0.025953054,-0.15785187,0.35875916,0.07095575,-0.8700176,0.8529671,-0.2157309,-0.69200915,0.4772107,0.046480894,-0.8544154,-0.0705834,-0.7353247,0.25096893,-0.38338596,-0.73291326,-0.70852315,-0.5506033,0.12566054,0.4850338,-0.9136036,0.4276343,0.24626875,-0.27691954
BarMovement,-0.37842643,0.37476414,-0.8500288,1.4504023,-0.095581114,0.82108295,0.9049861,-0.4589755,1.2129292,-0.95559657,-0.70452046,-0.8847284,-0.62075526,-0.07481223,0.49110752,2.9688234,1.2122355,0.350183,-0.51699257,-0.8694005,-0.65133363,-0.29133373,0.2593239,1.1248393,0.6144415,0.10834277,-0.7680477,0.7156074,0.17476058,-0.7445669,-0.5720624,-0.59196484,0.8206814,1.365799,1.4315796,-0.0700075,1.2550306,0.12307942,0.50562346,-0.41689384,-0.17779285,-0.2571627,1.9461529,0.5506611,-0.62790275,-0.7339601,-0.83234626,-0.6575781,-0.34806603,0.38037515,-0.49793166,0.07894516,-0.20258278,1.7145092,-0.8830978,-0.07776505,-0.7554578,-0.252743,1.1176512,-0.84340256,0.3563801,-0.58582413,0.3900621,-0.6263226,0.31572974,-0.5228044,0.39509922,-0.13010979,0.6106861,0.23129839,-0.20866942,1.0099418,-0.16707605,-0.9536464,-0.031931818,-0.1494652,-0.5909872,-0.47767028,1.1033841,-0.79710555,0.56376874,-0.30287117,-0.2254861,0.7534123,1.1065917,-0.28891033,-0.8807878,-0.45409402,1.087678,-0.8061267,-0.7307294,0.5921778,0.0730173,-0.8704343,-0.63102186,-0.23407602,0.07520884,0.048253477,0.030207872,-0.8838212,-0.20447958,0.43266535,2.6348994,-0.4078943,0.06674576,-0.05400741,0.2545641,0.09323245,-0.8758392,0.7678237,-0.087056935,-0.7289054,0.47751623,-0.039829016,-0.8602971,0.0011810064,-0.74023414,0.07276738,-0.416476,-0.6854427,-0.6957631,-0.61318,0.16044593,0.5166651,-0.91937953,0.12499821,0.19354224,-0.34857243
Stochastic,-0.40877146,0.48866004,-0.8486874,1.658968,-0.0647372,0.6677127,0.9793962,-0.4370336,1.3197956,-0.94323623,-0.64170295,-0.8970214,-0.6527014,-0.03251034,0.36947042,3.0121403,1.3600428,0.40717304,-0.6053667,-0.85746706,-0.74790704,-0.18525279,0.2497775,0.9500166,0.5713858,-0.01889509,-0.76979476,0.8449337,0.14397907,-0.68751085,-0.4712585,-0.5536406,0.82129973,1.197954,1.5295999,0.0012921095,1.1488533,0.1384784,0.42374927,-0.44689435,-0.30702496,-0.31800318,1.8398905,0.42772216,-0.66175365,-0.72348017,-0.8205235,-0.6642448,-0.20763826,0.4600774,-0.45801607,0.007214725,-0.27865058,1.9700665,-0.87141067,0.02363056,-0.7278931,-0.2160412,1.0888736,-0.8322634,0.2996711,-0.57841015,0.2744813,-0.5881996,0.19751418,-0.39978927,0.31535268,-0.16761655,0.5850574,0.34715033,-0.11736673,0.9734393,-0.17311537,-0.9409325,0.057903647,-0.22567451,-0.7250463,-0.46897316,0.9897256,-0.6958419,0.58072895,-0.3199041,-0.19549495,0.7476425,1.1201446,-0.10600644,-0.86871886,-0.33188355,0.87996423,-0.7969428,-0.7511481,0.69694155,0.13482302,-1.0021678,-0.61374867,-0.26353288,0.013076305,0.039024353,-0.100022614,-0.8723726,-0.38042378,0.3589422,2.5774646,-0.4238886,-0.020625412,-0.15340948,0.3265496,0.04421842,-0.86404324,0.7643379,-0.17846245,-0.70118153,0.48800486,0.027665257,-0.8483795,-0.086310804,-0.72734517,0.24402332,-0.37113172,-0.751996,-0.7310939,-0.6122316,0.117183685,0.48218268,-0.90767604,0.39485008,0.3141688,-0.30056155
BarMovement,-0.3552135,0.39141572,-0.8416196,1.4774373,-0.05981332,0.73425937,0.89852226,-0.4509431,1.3148416,-0.9516342,-0.67430824,-0.90560716,-0.6294932,-0.035826564,0.3893445,2.9751353,1.2905021,0.37244058,-0.52629054,-0.8655751,-0.6892249,-0.2694586,0.2496708,1.0800154,0.61607563,0.10747844,-0.76616025,0.80179757,0.15545374,-0.7019713,-0.59712136,-0.5954412,0.81356126,1.3026433,1.4716573,-0.054750085,1.2072947,0.12004167,0.4700728,-0.4388905,-0.24609637,-0.2603162,1.9156768,0.5193908,-0.65177417,-0.73060054,-0.82855636,-0.6526193,-0.29443276,0.44821364,-0.48798865,0.062435806,-0.21374321,1.7909217,-0.8793514,-0.060818374,-0.7613837,-0.26747143,1.1142986,-0.83983177,0.37946576,-0.60326093,0.37087482,-0.61799073,0.27473068,-0.5284684,0.3766203,-0.16519278,0.5875703,0.21007037,-0.2109446,0.97675157,-0.18192482,-0.94957083,0.01580745,-0.1631704,-0.6182879,-0.46031407,1.0844084,-0.78288496,0.55508006,-0.29974198,-0.19582027,0.7531061,1.0892701,-0.2823463,-0.876919,-0.3882431,1.020828,-0.80318266,-0.74315834,0.6312801,0.02125001,-0.899676,-0.6249551,-0.244582,0.06628984,0.052440822,-0.031143188,-0.8801513,-0.28514683,0.4050629,2.624538,-0.4046484,0.034563065,-0.1050607,0.30508864,0.11519939,-0.87205786,0.868012,-0.13007927,-0.67543554,0.49154782,-0.017499149,-0.8564767,-0.017065763,-0.7370452,0.07572591,-0.42071655,-0.69755316,-0.7008235,-0.5919643,0.13654774,0.49442482,-0.9156278,0.2685414,0.20120144,-0.2893648
MACD,-0.41981658,0.43554956,-0.85858315,1.4969532,-0.09998399,0.75651574,0.9376417,-0.4722082,1.2579592,-0.95323795,-0.67067397,-0.9047504,-0.6506348,-0.02746278,0.45573074,2.9712086,1.2822776,0.37934208,-0.56253755,-0.86712337,-0.6941357,-0.24241024,0.23281264,1.063188,0.6066599,0.086853504,-0.77014977,0.7624372,0.16997379,-0.7620561,-0.5272547,-0.6040487,0.78152335,1.2737092,1.4615743,-0.026860297,1.1913471,0.1334762,0.47676015,-0.4323017,-0.21093434,-0.25685376,1.9291441,0.5328856,-0.6204508,-0.7319602,-0.8300902,-0.67337185,-0.2868371,0.3830083,-0.49420407,0.05294007,-0.22457236,1.799128,-0.88086766,-0.0035774708,-0.744365,-0.20809358,1.0985954,-0.841277,0.3624072,-0.5852551,0.3366537,-0.63217384,0.2799847,-0.48387474,0.38976127,-0.12757307,0.5939107,0.26358354,-0.1859268,1.0140687,-0.1724137,-0.9512204,-0.0037754774,-0.16721362,-0.6463981,-0.46849325,1.0762554,-0.7776835,0.53010434,-0.30042088,-0.23545015,0.7320451,1.1346087,-0.20873219,-0.87848467,-0.41046524,1.059262,-0.8043742,-0.7282245,0.6418302,0.09047651,-0.9231995,-0.63644916,-0.24986082,0.06299931,0.044964373,-0.012149274,-0.88163656,-0.25442898,0.4267602,2.6149755,-0.41873947,0.022791445,-0.08211464,0.2948916,0.09223741,-0.8735882,0.75787365,-0.10649961,-0.7255405,0.4779669,-0.018809795,-0.8580229,-0.03565049,-0.73833585,0.14714086,-0.390098,-0.7028283,-0.7206803,-0.6093862,0.14910614,0.5109077,-0.91714627,0.19176716,0.21717584,-0.3223608
BeepBoop,0.03603089,0.3491311,-0.80741256,1.5600455,0.3032261,0.8153931,0.83184445,-0.31205308,2.1054733,-0.6521701,-0.5189925,-0.89022017,-0.62805283,-0.039836884,0.3808607,2.7265296,0.9493494,0.4487977,-0.5442413,-0.8510441,-0.7629528,-0.20408714,0.35897183,1.1226423,0.89496976,0.1682859,-0.76407325,0.7490401,0.20002604,-0.7788905,-0.69801503,-0.32942915,0.7747236,1.3660178,1.4970088,-0.20705038,1.3606265,0.085085034,0.08615136,-0.49473268,-0.37741894,0.26174527,1.5244315,0.7435258,-0.7884506,-0.7178397,-0.8141603,-0.5749954,-0.27080667,0.45632046,-0.5178168,-0.16491562,-0.21555889,1.4559374,-0.8651203,-0.16234446,-0.6945056,-0.3107884,1.2840691,-0.8262682,1.0082057,-0.7262923,0.42444694,-0.5235597,0.46971154,-0.7269996,0.32540542,-0.46465963,0.4447134,0.33685058,-0.2139486,0.73331064,-0.26137787,-0.9340896,0.018982708,-0.34777427,-0.64936125,-0.4873881,1.2751459,-0.45232487,0.5899884,-0.34629655,-0.3803153,0.690359,0.9466686,-0.53934264,-0.862223,-0.35912916,0.95023096,-0.7919998,-0.81445754,0.36492336,-0.2941774,-0.86434644,-0.65353274,-0.41445452,0.40212107,-0.039474964,-0.40540412,-0.86621076,-0.3219452,0.54202855,2.8051336,-0.28796417,-0.1809442,-0.013586044,0.4104756,0.21815717,-0.805201,0.7831361,0.13485324,-0.6656283,0.46832615,-0.1884405,-0.8419652,-0.15337026,-0.41447043,-0.016561508,-0.33390525,-0.67260045,-0.76469946,-0.74449575,0.050941765,0.37731475,-0.9013769,-0.037026584,-0.036115408,-0.36545068
BarMovement,-0.3717708,0.37457317,-0.84518224,1.4335372,-0.101422906,0.81494397,0.9036677,-0.45657122,1.2052433,-0.9540823,-0.7167807,-0.8787436,-0.61672133,-0.0747233,0.47569424,2.9865232,1.2148051,0.34366763,-0.5061983,-0.8679385,-0.6519654,-0.31073213,0.26228213,1.1217426,0.61517334,0.107058644,-0.76178503,0.72382396,0.16537648,-0.73477507,-0.5724042,-0.59767365,0.81483257,1.3632615,1.4346538,-0.06766313,1.2584362,0.12547868,0.5289565,-0.41753194,-0.1833952,-0.27825224,1.9444795,0.5338081,-0.62295854,-0.73267615,-0.83089787,-0.65466905,-0.34491307,0.38927567,-0.50209534,0.09197974,-0.19669223,1.7357411,-0.881666,-0.08546072,-0.75955045,-0.25718153,1.1172699,-0.8420379,0.35119385,-0.5760222,0.3926893,-0.63581705,0.3115126,-0.5275988,0.3969766,-0.13349879,0.6014145,0.21279538,-0.2113275,1.0075407,-0.1704514,-0.95208883,-0.029322922,-0.14387411,-0.57997966,-0.47177544,1.099316,-0.81948215,0.55009127,-0.30794525,-0.20873022,0.7536215,1.1161554,-0.30095774,-0.87930924,-0.44719607,1.0890803,-0.8050017,-0.73041797,0.59911925,0.06926429,-0.86763626,-0.62483746,-0.23111105,0.07809806,0.05333376,0.04529375,-0.8824187,-0.21281254,0.41996205,2.6242,-0.4203835,0.069407165,-0.058176875,0.2505135,0.08577752,-0.87439406,0.77371615,-0.09894508,-0.71710247,0.48031324,-0.033889115,-0.858837,0.009431303,-0.73901546,0.061348915,-0.4231995,-0.689091,-0.6900594,-0.60413957,0.1601438,0.5131154,-0.91794574,0.15032077,0.20097196,-0.33665115
Stochastic,-0.3929039,0.535592,-0.8536337,1.6071689,-0.11796981,0.6075561,0.9890233,-0.45453972,1.2879951,-0.9482356,-0.6286366,-0.90213245,-0.6836853,-0.017300427,0.2814402,3.0556817,1.4257324,0.41510355,-0.6310789,-0.8622937,-0.71835655,-0.1528719,0.2280041,0.9296344,0.5505018,-0.0030998588,-0.77409434,0.83993936,0.14168191,-0.6349933,-0.4840519,-0.62752265,0.7779481,1.257061,1.5396483,0.022932768,1.1170315,0.15118772,0.4460019,-0.47862697,-0.3360704,-0.3101858,1.8640077,0.47495258,-0.65232944,-0.72771895,-0.8253054,-0.6870583,-0.123493075,0.4829911,-0.43829823,0.05227554,-0.2598101,1.9398766,-0.87613773,0.08536154,-0.7286538,-0.20062643,1.0024937,-0.83676887,0.32671833,-0.6035383,0.21112156,-0.6419976,0.15306592,-0.39073715,0.33784407,-0.06065893,0.5738795,0.2759,-0.14165485,1.0137873,-0.17279804,-0.9460749,0.074123204,-0.22096294,-0.729235,-0.46046948,0.96399605,-0.74434274,0.44020158,-0.30424666,-0.19797307,0.75073284,1.0589975,-0.14332306,-0.8736003,-0.29071486,0.9657885,-0.80065733,-0.7394383,0.69085044,0.14873093,-1.0074307,-0.62952447,-0.31471473,0.008715332,0.05248648,-0.08060074,-0.8770032,-0.3425425,0.3555743,2.5125775,-0.44899124,0.006596029,-0.17823261,0.40349233,0.06785661,-0.8688143,0.8587923,-0.25732976,-0.69841236,0.47516978,0.072689295,-0.85319966,-0.10872382,-0.73430985,0.31099015,-0.3744803,-0.7403482,-0.7104924,-0.53769404,0.10648936,0.486349,-0.9124097,0.46858788,0.23866057,-0.26362276
BarMovement,-0.38583177,0.37772292,-0.8604348,1.4991254,-0.04256487,0.850675,0.91413695,-0.46598512,1.3022013,-0.9551093,-0.6761339,-0.90503836,-0.6455063,-0.039142728,0.55987304,2.8898084,1.158623,0.374254,-0.5343432,-0.86893016,-0.66796404,-0.23784125,0.2539336,1.1228079,0.65395856,0.14813894,-0.78000605,0.69217616,0.20540637,-0.7810459,-0.602257,-0.54217553,0.8146766,1.3420486,1.4120116,-0.07026428,1.2653623,0.12048012,0.4217317,-0.41732684,-0.15921122,-0.14746016,1.9212816,0.63019556,-0.6458344,-0.73354685,-0.8318802,-0.6424793,-0.34921247,0.34683496,-0.5159315,0.017925262,-0.20054263,1.5959847,-0.8826372,-0.059750915,-0.7323947,-0.21668315,1.1358472,-0.8429635,0.4677974,-0.6608429,0.39049643,-0.609902,0.3818615,-0.54638267,0.399337,-0.15523124,0.61403465,0.26983255,-0.1865598,0.99301755,-0.17500585,-0.9531453,-0.047559142,-0.18596482,-0.6145288,-0.49300998,1.1512322,-0.7167913,0.57626414,-0.2944647,-0.29979807,0.7197928,1.108106,-0.2612726,-0.8803121,-0.47158784,1.1231148,-0.8057648,-0.74304414,0.5500573,0.01572311,-0.88597536,-0.649539,-0.24922425,0.13267142,0.023285985,-0.027505517,-0.88337,-0.1843937,0.49898595,2.7128615,-0.37552795,0.015211821,-0.02529043,0.27419627,0.13607383,-0.8753742,0.69944394,-0.016857207,-0.76347804,0.47259372,-0.07743847,-0.8598273,-0.037379265,-0.739842,0.09098613,-0.36620024,-0.67454845,-0.7266979,-0.68075335,0.16073126,0.51111746,-0.9189183,-0.0066859126,0.16480315,-0.3892464
Stochastic,-0.4328639,0.5611959,-0.8526863,1.6425905,-0.13361406,0.6839075,1.0251689,-0.45913225,1.2085555,-0.9472779,-0.6521023,-0.9011534,-0.6910749,-0.030687332,0.3834327,3.069821,1.3530607,0.3950764,-0.64216775,-0.8613691,-0.71706337,-0.15975493,0.26020503,0.92537427,0.5637116,-0.01847589,-0.77327067,0.7948283,0.14995575,-0.69811416,-0.44302204,-0.57975686,0.7669082,1.1935384,1.5203499,0.039212227,1.1660678,0.16913676,0.4633991,-0.46499488,-0.3012513,-0.31405014,1.8656905,0.43254703,-0.63501334,-0.7269069,-0.82438934,-0.68629485,-0.13054776,0.4409747,-0.4512809,0.04369235,-0.26191217,1.8942341,-0.87523216,0.085650444,-0.71208614,-0.15787536,1.0351301,-0.8359058,0.32027936,-0.6030595,0.21408886,-0.6470388,0.19891727,-0.35539877,0.3425672,-0.04592526,0.5890996,0.33743626,-0.09874576,1.0218328,-0.18644345,-0.94508976,0.047623575,-0.24765724,-0.7284326,-0.47888076,0.9750682,-0.73247206,0.4391243,-0.2891953,-0.21907765,0.7479091,1.1154819,-0.09406662,-0.8726653,-0.32750124,1.0165833,-0.79994583,-0.73891675,0.67454666,0.17803282,-1.0064226,-0.6163788,-0.29720306,0.029403925,0.044883728,-0.030310273,-0.87611616,-0.325477,0.36770248,2.54627,-0.4740297,-0.03869164,-0.14293265,0.35968554,0.02734387,-0.8679004,0.7104767,-0.24075836,-0.7479511,0.4664361,0.05338359,-0.8522763,-0.11495906,-0.7335391,0.35258865,-0.350377,-0.76095533,-0.71693087,-0.5859872,0.120072305,0.48627007,-0.9115029,0.37426758,0.28150773,-0.32044405
PSAR,-0.378244,0.39365745,-0.8445289,1.4688667,-0.10777128,0.7907408,0.91589445,-0.45093256,1.2024524,-0.95305055,-0.71156317,-0.8827069,-0.6157813,-0.081637084,0.4530723,3.0035665,1.2469769,0.34822977,-0.52136755,-0.86694247,-0.6618721,-0.29942375,0.26098943,1.0970104,0.5941001,0.07565957,-0.7639357,0.74281657,0.15673429,-0.71637976,-0.539487,-0.599615,0.81974316,1.3411196,1.459533,-0.056531906,1.2387002,0.12899196,0.52978593,-0.4216765,-0.20765334,-0.31030434,1.9293623,0.48676574,-0.62709135,-0.7318014,-0.82991105,-0.65483654,-0.33145934,0.40376872,-0.48900437,0.090610445,-0.21164292,1.8030944,-0.8806906,-0.07533944,-0.75816053,-0.25955844,1.1138308,-0.8411081,0.31032604,-0.55497587,0.3760717,-0.6263828,0.27919823,-0.50387466,0.3818453,-0.13439727,0.6030317,0.2375449,-0.19986218,1.009459,-0.1703046,-0.95102763,-0.012990713,-0.14845347,-0.60865474,-0.47073057,1.0709591,-0.81202936,0.5658606,-0.31080467,-0.1904903,0.76280665,1.1199827,-0.27118844,-0.8783018,-0.43001905,1.0435779,-0.8042351,-0.72963023,0.6262628,0.09680003,-0.88585114,-0.6198195,-0.23000693,0.059248507,0.052811146,0.031516135,-0.88146305,-0.24224031,0.39441174,2.6014264,-0.42706218,0.055110455,-0.079034686,0.25340968,0.068796515,-0.87340945,0.78402495,-0.12181038,-0.70942646,0.48293847,-0.01684761,-0.8578422,0.0034384727,-0.7381851,0.088768005,-0.42106336,-0.7020609,-0.6901034,-0.5943724,0.1541273,0.509822,-0.9169688,0.21052825,0.23191667,-0.32730055
BarMovement,-0.37504384,0.39071286,-0.8602288,1.5162888,-0.014669299,0.8492976,0.913773,-0.47367036,1.3382819,-0.92219704,-0.6678567,-0.90894717,-0.65586054,-0.018950582,0.56703347,2.8724718,1.1529162,0.37609172,-0.5535113,-0.8687292,-0.70087016,-0.21416777,0.26466978,1.1136934,0.6753252,0.16822463,-0.77982694,0.7121715,0.2017343,-0.7947014,-0.59848356,-0.51391196,0.76467884,1.30842,1.4157734,-0.04464209,1.2512482,0.12126386,0.38604772,-0.42631152,-0.16852367,-0.09880018,1.9013293,0.6416098,-0.6317215,-0.73337054,-0.83168113,-0.6147308,-0.31689906,0.35628504,-0.5162242,-0.006848216,-0.21949697,1.5918398,-0.8824404,-0.053723335,-0.7306682,-0.1923455,1.162327,-0.84277594,0.48202562,-0.67888397,0.400531,-0.6007321,0.3835078,-0.56035817,0.39755565,-0.18163478,0.6046117,0.28875017,-0.20407778,0.9671103,-0.18956536,-0.9529312,-0.031110823,-0.2072047,-0.6357623,-0.49832377,1.1795411,-0.6908369,0.5773036,-0.31137854,-0.30971688,0.7021232,1.113968,-0.25896126,-0.88010883,-0.4613161,1.1300551,-0.8056102,-0.746144,0.56671053,-0.039753437,-0.9020991,-0.6387418,-0.22690994,0.15452689,0.017044783,-0.05513704,-0.88317716,-0.20587617,0.51839626,2.7269583,-0.3775708,-0.03190404,-0.02979076,0.3045559,0.14491552,-0.87517554,0.70166844,-0.010681689,-0.75986814,0.4697559,-0.09489924,-0.8596266,-0.042125106,-0.73967445,0.10064626,-0.35407835,-0.69219553,-0.7435226,-0.7009049,0.1522426,0.49038607,-0.9187212,0.004513085,0.16251707,-0.38305098
BollingerBands,-0.39253533,0.38660747,-0.8622557,1.4789555,-0.08311933,0.83735377,0.91279054,-0.47060746,1.2242718,-0.9569498,-0.6883364,-0.8937677,-0.6379377,-0.064863026,0.5311828,2.936295,1.1911402,0.35974026,-0.5350291,-0.870707,-0.6577316,-0.25510842,0.26475728,1.1240938,0.63021225,0.12662494,-0.78158885,0.70508546,0.19017279,-0.76431733,-0.5772774,-0.567343,0.80448693,1.34477,1.4191089,-0.058278203,1.2614362,0.12625736,0.4673419,-0.41680962,-0.1662628,-0.20148855,1.9460425,0.59123874,-0.6262137,-0.7351073,-0.83364064,-0.6402881,-0.3390959,0.36215413,-0.501765,0.05267006,-0.21003151,1.6510183,-0.88437736,-0.061028063,-0.74391115,-0.22399873,1.1278775,-0.8446221,0.39458507,-0.6223258,0.3857677,-0.62378305,0.34228987,-0.5256027,0.39848232,-0.123384535,0.6120882,0.25855207,-0.20211852,1.0045257,-0.17091978,-0.9550384,-0.038322806,-0.1712969,-0.609776,-0.49248433,1.1266967,-0.7584664,0.5565804,-0.30273747,-0.26520914,0.73979586,1.1032547,-0.26464373,-0.8821091,-0.46358672,1.124032,-0.80713224,-0.7331128,0.5772776,0.05387014,-0.89077044,-0.6395324,-0.23748797,0.09107399,0.03750348,0.014548063,-0.8850746,-0.18574554,0.46790165,2.6645718,-0.39562914,0.03671664,-0.041258037,0.27131814,0.1103794,-0.8771306,0.7304654,-0.06456977,-0.7561464,0.4695614,-0.058742583,-0.86160177,-0.017587006,-0.74132323,0.099574566,-0.38230848,-0.68578583,-0.7093384,-0.6407235,0.16358,0.51429075,-0.92066085,0.07104951,0.1711278,-0.3717159
Stochastic,-0.4085167,0.5514843,-0.8520705,1.6359465,-0.119761646,0.59373456,1.0012109,-0.4575261,1.288105,-0.9466556,-0.6198616,-0.9005173,-0.6830603,-0.007445276,0.28419942,3.0468955,1.4534433,0.424829,-0.6495453,-0.86076826,-0.72894967,-0.13989967,0.20619112,0.90973055,0.52267915,-0.029418409,-0.77273554,0.8388514,0.13856727,-0.6542418,-0.44160762,-0.6341649,0.7792525,1.2656091,1.5389369,0.031363487,1.0786362,0.14895898,0.4335633,-0.4775386,-0.3358365,-0.328403,1.8609273,0.46370465,-0.64730793,-0.7263794,-0.82379425,-0.69433266,-0.12594706,0.46167094,-0.43157583,0.032029808,-0.2737412,1.9957466,-0.8746438,0.11402202,-0.7270725,-0.19090027,0.98501474,-0.83534503,0.27988702,-0.57645595,0.1933986,-0.6234025,0.12742788,-0.3592466,0.3323003,-0.07519233,0.58663493,0.31396663,-0.12572098,1.030898,-0.15745884,-0.9444497,0.07413393,-0.21438122,-0.7279113,-0.45182282,0.9450557,-0.72843695,0.46646863,-0.29639816,-0.20544863,0.74572396,1.0745722,-0.09719366,-0.8720576,-0.29093528,0.9219477,-0.7994835,-0.7407241,0.7159511,0.17544156,-1.0057675,-0.625862,-0.3265534,-0.014546394,0.051461875,-0.10635382,-0.87553984,-0.35294083,0.34729713,2.5010302,-0.44603404,0.008290887,-0.18156642,0.38957846,0.04983604,-0.86730653,0.8337868,-0.25413185,-0.71256626,0.4780575,0.07761949,-0.8516764,-0.11890727,-0.73303825,0.33559442,-0.36920854,-0.7421429,-0.71817696,-0.5482913,0.102907896,0.49730003,-0.91091377,0.46007502,0.26575792,-0.26297677
PSAR,-0.4108694,0.41278255,-0.8495301,1.4795682,-0.12600684,0.7750789,0.9329513,-0.45556962,1.187413,-0.95407057,-0.7008889,-0.8827689,-0.6237878,-0.07845026,0.44529706,3.0130007,1.2729998,0.3568263,-0.5387658,-0.8679273,-0.658747,-0.2804957,0.24309272,1.0829949,0.5780931,0.056182384,-0.7600677,0.74197656,0.15757775,-0.7143169,-0.5093661,-0.6202199,0.8188573,1.3354228,1.4688282,-0.04623741,1.2169911,0.13687551,0.52890664,-0.42387444,-0.20991862,-0.32263082,1.9345958,0.4822377,-0.6211644,-0.73266625,-0.8308868,-0.66778773,-0.3217504,0.3904544,-0.48237842,0.09204447,-0.21712542,1.8311486,-0.88165504,-0.04054159,-0.75474036,-0.24702567,1.0883088,-0.8420274,0.29021603,-0.5444068,0.35002387,-0.6314455,0.25640368,-0.47754535,0.38392425,-0.111866474,0.60498935,0.24969387,-0.1935919,1.0319948,-0.1594699,-0.9520769,-0.011526585,-0.14664727,-0.62472296,-0.4701117,1.0483079,-0.8144455,0.5527882,-0.30578768,-0.19605923,0.7635152,1.1199744,-0.24125516,-0.87929785,-0.42604896,1.0373061,-0.804993,-0.7247607,0.6378178,0.13352251,-0.90360236,-0.6265625,-0.24918646,0.04386413,0.053046167,0.026122153,-0.8824079,-0.2379244,0.38943362,2.5786617,-0.43119404,0.06253064,-0.085133374,0.26010478,0.061995268,-0.8743829,0.7731488,-0.13365787,-0.71979827,0.4788068,-0.00031006336,-0.8588258,-0.0073463917,-0.7390061,0.1283195,-0.41524434,-0.6999445,-0.69105375,-0.5821705,0.1539157,0.5192856,-0.9179347,0.21919495,0.23363912,-0.32703513
BeepBoop,-0.39402074,0.3793164,-0.85993415,1.5669429,0.07447064,0.9472126,0.94401896,-0.4688847,1.4656663,-0.7692399,-0.635861,-0.9086427,-0.68795764,0.036786735,0.6887647,2.7549458,1.0161968,0.3952031,-0.57411313,-0.86844164,-0.71920145,-0.15339261,0.25060952,1.1278378,0.7683834,0.19473171,-0.7795708,0.64672726,0.24359888,-0.8195314,-0.61798453,-0.4486353,0.7310883,1.2979193,1.4134789,-0.058084667,1.2797749,0.13224894,0.27869374,-0.41642588,-0.14699078,0.072360516,1.8169367,0.73891765,-0.6557689,-0.73311794,-0.8313963,-0.5985204,-0.3282603,0.2724501,-0.5342771,-0.088244855,-0.21779406,1.3945208,-0.88215876,-0.010157764,-0.70536363,-0.14138114,1.1606078,-0.8425076,0.64114976,-0.7710113,0.43022555,-0.5966246,0.4837128,-0.5716535,0.42297786,-0.25568122,0.5913875,0.3566786,-0.16958565,0.96478385,-0.2000534,-0.9526249,-0.06830096,-0.27348173,-0.66618454,-0.52447474,1.2472982,-0.59623045,0.59197223,-0.34808272,-0.4229871,0.6441994,1.0998609,-0.2665773,-0.8798181,-0.50384665,1.1831851,-0.80538875,-0.76521534,0.50141716,-0.13311559,-0.8772559,-0.6516661,-0.2604767,0.27085948,-0.0049011707,-0.15214849,-0.8829013,-0.16760045,0.6481112,2.8234346,-0.3447814,-0.11940467,0.046636045,0.33909678,0.17722005,-0.87489134,0.5463911,0.09597409,-0.7833616,0.43919545,-0.14960217,-0.8593395,-0.09965378,-0.7148286,0.15150535,-0.29116693,-0.67674214,-0.785131,-0.77599394,0.15190655,0.47224635,-0.91843915,-0.24170732,0.12450802,-0.4551655
BarMovement,-0.39108336,0.38566077,-0.85945255,1.4980286,-0.031986654,0.8683625,0.91620505,-0.47577655,1.3088639,-0.9336897,-0.6766975,-0.90755445,-0.65610516,-0.021698236,0.5803329,2.897139,1.1363502,0.36471522,-0.5351708,-0.8679717,-0.67715865,-0.23046583,0.2648282,1.1187075,0.67355275,0.17421561,-0.7791522,0.7003785,0.1967094,-0.7893534,-0.5988616,-0.52393305,0.7744715,1.3227806,1.4033108,-0.04703158,1.2767212,0.133847,0.40359306,-0.4191135,-0.15997344,-0.1108045,1.9185829,0.6420176,-0.6306758,-0.73270524,-0.8309307,-0.609485,-0.33306354,0.3411808,-0.5217413,0.0129137635,-0.20185214,1.5575633,-0.88169855,-0.046854973,-0.7329865,-0.19329566,1.1451274,-0.84206885,0.48773062,-0.67749697,0.40108538,-0.61887217,0.39663982,-0.5579866,0.4043916,-0.16097587,0.6002238,0.27304798,-0.19433504,0.98015034,-0.18348992,-0.9521242,-0.04336685,-0.20479023,-0.6151813,-0.50076365,1.1739382,-0.7169055,0.55657667,-0.31486636,-0.30596054,0.7074036,1.1163445,-0.27333486,-0.8793428,-0.47375128,1.1675625,-0.8050272,-0.7446063,0.54822457,-0.036844254,-0.90512514,-0.638229,-0.2449426,0.1537221,0.022681832,-0.019423902,-0.8824505,-0.18233389,0.5146275,2.7172441,-0.38716218,-0.014072835,-0.023148835,0.28554183,0.13806129,-0.87442684,0.67022675,-0.014966071,-0.77247566,0.466173,-0.088440716,-0.8588701,-0.039226174,-0.73904306,0.099957764,-0.3473115,-0.6807861,-0.72631764,-0.6914377,0.16099668,0.5026169,-0.91797835,-0.023235261,0.15069902,-0.39082444
Stochastic,-0.41733202,0.5883407,-0.85147786,1.687134,-0.105391264,0.557717,1.0095067,-0.452249,1.2925622,-0.9460566,-0.6018225,-0.8999048,-0.68777156,-0.009599507,0.25245333,3.0547965,1.4887214,0.4799,-0.6930834,-0.8601899,-0.7492571,-0.09941399,0.2033971,0.8717118,0.48927587,-0.06400269,-0.7600893,0.8473779,0.13017273,-0.6483494,-0.4118104,-0.6222682,0.7577581,1.283263,1.5406286,0.061105013,1.0445197,0.15217364,0.38450003,-0.49495488,-0.3606757,-0.31562096,1.8388882,0.46254033,-0.61688256,-0.72587144,-0.8232212,-0.681989,-0.07043058,0.4669494,-0.40707165,0.0022092462,-0.30417097,2.0477517,-0.8740774,0.14529926,-0.71876234,-0.18747705,0.96807724,-0.83480513,0.2319938,-0.5638777,0.15217859,-0.592919,0.073853135,-0.3196298,0.3076024,-0.074504614,0.6091625,0.3723461,-0.12212473,1.0226622,-0.1440472,-0.9438336,0.09963381,-0.23008996,-0.69996125,-0.4464995,0.93148017,-0.683023,0.4880396,-0.2934909,-0.20956129,0.7402973,1.043855,-0.07064384,-0.87147266,-0.26806176,0.86147213,-0.79903835,-0.75434995,0.7280145,0.20247656,-1.0051368,-0.60839105,-0.3422389,-0.04314971,0.051140428,-0.1572842,-0.8749849,-0.38366696,0.313532,2.48849,-0.44687408,-0.0015189052,-0.20749241,0.4173367,0.025794744,-0.8667348,0.84185666,-0.27881593,-0.731336,0.4717983,0.089244366,-0.8510988,-0.14792174,-0.73255616,0.38968527,-0.36241215,-0.7587968,-0.72489357,-0.55876994,0.077049255,0.5008924,-0.91034645,0.50575835,0.27827215,-0.26043004
Stochastic,-0.34052637,0.60287994,-0.8494533,1.836041,-0.025434673,0.5377718,1.0158749,-0.3740325,1.4151016,-0.86910987,-0.5608292,-0.8978129,-0.6769588,-0.07068932,0.19435447,2.9984882,1.4685148,0.5862769,-0.72198665,-0.85821444,-0.78948796,-0.06507844,0.28222722,0.8573353,0.50264853,-0.17272085,-0.7704605,0.8665721,0.14102346,-0.6021092,-0.43905452,-0.5191026,0.83485866,1.2576187,1.5832188,0.0191499,1.0672934,0.11882323,0.2887339,-0.5100459,-0.41621923,-0.27790725,1.7111461,0.45211697,-0.6253177,-0.7241366,-0.8212639,-0.66883457,-0.052123785,0.5416809,-0.3769182,-0.08101243,-0.36175716,2.096654,-0.8721426,0.08615738,-0.70725477,-0.23858964,1.0313113,-0.83296114,0.25612217,-0.5279366,0.125408,-0.51052827,0.052120686,-0.27068448,0.23492867,-0.17771071,0.60207397,0.4966632,-0.08199227,0.93592453,-0.14612979,-0.9417288,0.12719929,-0.28177345,-0.6443057,-0.4733148,0.92771685,-0.5303395,0.5916233,-0.31991857,-0.23168397,0.7680164,0.97589386,-0.062743306,-0.8694747,-0.22526073,0.6746639,-0.797518,-0.80329895,0.6886922,0.21248055,-1.0029827,-0.5791582,-0.3460127,-0.06672037,0.035082877,-0.31283498,-0.87308973,-0.48087376,0.26966953,2.5601287,-0.4077915,-0.05754906,-0.21773228,0.43614137,-0.018935442,-0.864782,0.8433938,-0.27228504,-0.737533,0.46820873,0.07188749,-0.8491259,-0.20061159,-0.6599544,0.40964693,-0.34655526,-0.79322124,-0.76292956,-0.64047277,0.031492412,0.46349782,-0.90840906,0.5853853,0.3319099,-0.2954991
KeltnerChannels,-0.37665784,0.3964789,-0.84874034,1.4688182,-0.09331715,0.7628078,0.90785927,-0.45596105,1.2397231,-0.9544975,-0.6906973,-0.898605,-0.62252384,-0.066999435,0.42197788,2.9940624,1.2767832,0.3585024,-0.5322051,-0.8683395,-0.6696988,-0.27557123,0.25148696,1.0941285,0.5940363,0.092574656,-0.75514215,0.76339316,0.15528107,-0.7099039,-0.5539039,-0.60720503,0.8044261,1.3413615,1.4636452,-0.049194574,1.2140496,0.12625897,0.49732435,-0.4329702,-0.22247052,-0.2790801,1.9314089,0.514936,-0.6281884,-0.7330282,-0.8312951,-0.64829665,-0.3089593,0.41754788,-0.48120856,0.0806787,-0.2172705,1.7990278,-0.8820587,-0.05891615,-0.7616882,-0.25842142,1.107349,-0.8424122,0.3231721,-0.57367957,0.36752933,-0.6213559,0.26131088,-0.5151509,0.382284,-0.12995821,0.60121876,0.22813433,-0.22048503,1.0034049,-0.16899109,-0.952516,0.0015638471,-0.15198678,-0.6156128,-0.4680177,1.0786097,-0.80029786,0.55848336,-0.30432642,-0.19588673,0.76136065,1.0955918,-0.27934247,-0.87971467,-0.41425776,1.0408752,-0.80531013,-0.7326664,0.63121325,0.06671417,-0.89534664,-0.6240963,-0.24064219,0.057484508,0.051550567,0.0012185574,-0.8828033,-0.24708176,0.39802206,2.5991178,-0.41826773,0.057471335,-0.09488338,0.28692973,0.09113371,-0.8747903,0.83509934,-0.13199586,-0.7016646,0.48380572,-0.014296114,-0.8592373,-0.0037018657,-0.73934966,0.09413594,-0.42224926,-0.69832355,-0.6920446,-0.58498645,0.1455012,0.5068821,-0.91833895,0.23787671,0.204265,-0.30961597
Stochastic,-0.42206207,0.54057795,-0.8517332,1.6023765,-0.11536604,0.6508741,0.9961528,-0.4686355,1.2848384,-0.9463146,-0.64263314,-0.9001686,-0.68736863,-0.0017246008,0.36140913,3.0169158,1.3811094,0.4110632,-0.63086385,-0.8604391,-0.7375529,-0.17676169,0.2304886,0.9380416,0.5752544,0.013912618,-0.7724422,0.82114154,0.15113795,-0.7132243,-0.46510753,-0.5969205,0.74957764,1.2025898,1.5177163,0.026004255,1.1303957,0.14664751,0.4637072,-0.46034235,-0.30071437,-0.29845232,1.8705575,0.47455263,-0.6290244,-0.72609025,-0.823468,-0.6858297,-0.16124988,0.4393896,-0.47103924,0.028881013,-0.25897163,1.9327183,-0.87432146,0.07817948,-0.7213769,-0.16290605,1.0495238,-0.8350377,0.3463992,-0.58664906,0.23441899,-0.6450993,0.20561785,-0.40218058,0.35344225,-0.100759506,0.56298524,0.3091362,-0.12941265,1.009302,-0.1880399,-0.94409895,0.04958427,-0.21593285,-0.7276256,-0.4632803,1.0028703,-0.73994005,0.4466334,-0.30454993,-0.22758728,0.7242085,1.1340697,-0.102725506,-0.87172467,-0.32035774,1.002669,-0.79923004,-0.73329484,0.6988746,0.1381715,-1.0054086,-0.6316089,-0.27837187,0.035717666,0.044537723,-0.06152165,-0.875224,-0.34103936,0.39244133,2.558785,-0.4520057,-0.026610255,-0.14065206,0.36202538,0.05932772,-0.866981,0.76417756,-0.19790256,-0.7147941,0.4751622,0.031098008,-0.8513476,-0.09880984,-0.7327639,0.28678286,-0.3535225,-0.7492983,-0.73283756,-0.58703744,0.12400317,0.48217922,-0.9105909,0.3688991,0.26670063,-0.28709346
BeepBoop,-0.3579648,0.3869468,-0.86216843,1.5717738,0.15593684,0.972283,0.93109536,-0.46106935,1.5816257,-0.6735889,-0.58558166,-0.91095126,-0.70113665,0.03275287,0.68892324,2.697885,0.93546253,0.40982497,-0.6040966,-0.8706218,-0.73460996,-0.112481475,0.27981263,1.1482873,0.85196054,0.2077387,-0.781513,0.637345,0.25734842,-0.82157224,-0.6667625,-0.39461493,0.67252815,1.2808621,1.4058639,-0.08028108,1.3230726,0.14289314,0.19495267,-0.42671195,-0.17253196,0.21456319,1.7595358,0.8214173,-0.6604819,-0.73503256,-0.83355623,-0.5841988,-0.2998457,0.25982064,-0.5290462,-0.13728696,-0.23171937,1.2589335,-0.884294,-0.009648919,-0.6840917,-0.12861782,1.1956744,-0.8445426,0.7656663,-0.8128069,0.43240672,-0.5983827,0.51470244,-0.59765077,0.42399824,-0.29454553,0.5537712,0.4007777,-0.19003111,0.91343266,-0.21125937,-0.9549477,-0.06205529,-0.33073616,-0.6828837,-0.53522956,1.3078631,-0.5278226,0.576246,-0.3732994,-0.4760605,0.6200773,1.0389255,-0.33492553,-0.84400636,-0.4974014,1.2151241,-0.80706674,-0.7767551,0.46092993,-0.21586597,-0.89066494,-0.66129553,-0.297338,0.33044273,-0.012138963,-0.23169833,-0.8849929,-0.15716702,0.7077769,2.864348,-0.3274393,-0.17879105,0.07242012,0.39388585,0.21043271,-0.8770464,0.5291398,0.14333785,-0.7853839,0.4170493,-0.19214803,-0.8615167,-0.13210088,-0.59231484,0.1688906,-0.25794977,-0.6794535,-0.7981075,-0.76708573,0.13282567,0.43515807,-0.92057735,-0.28950453,0.03477335,-0.47509703
PSAR,-0.40811858,0.4065832,-0.85164946,1.4648721,-0.12718827,0.7984344,0.9271999,-0.45914292,1.1727078,-0.95411247,-0.710831,-0.8743532,-0.6200705,-0.081566334,0.47046196,3.018004,1.2498908,0.34526038,-0.5312969,-0.86796767,-0.6544188,-0.29147398,0.24856216,1.0942382,0.58107305,0.068923056,-0.7547427,0.72862965,0.15527368,-0.7310717,-0.50353813,-0.6143837,0.8063509,1.3505831,1.4539223,-0.044233978,1.2290916,0.13868845,0.5328307,-0.4205673,-0.19613183,-0.31494975,1.9412861,0.48949474,-0.6104959,-0.7327018,-0.8309268,-0.65809476,-0.33156347,0.37702137,-0.48662972,0.0963127,-0.21390373,1.8096969,-0.8816947,-0.049209416,-0.75666445,-0.24301046,1.0959319,-0.84206516,0.28526008,-0.54178643,0.36418217,-0.63194954,0.26764858,-0.48678505,0.38830698,-0.112006545,0.60841507,0.25118762,-0.20137256,1.0318887,-0.15896523,-0.95212,-0.018736124,-0.14479685,-0.6127686,-0.47263822,1.0644583,-0.82291853,0.5575273,-0.31236827,-0.19591814,0.7599311,1.127223,-0.25654453,-0.87933874,-0.441682,1.058737,-0.80502415,-0.7225782,0.6313711,0.12129736,-0.89459395,-0.6213292,-0.24117309,0.053413868,0.05225116,0.043877363,-0.88244665,-0.22433668,0.39276254,2.5809493,-0.43663803,0.068121016,-0.076487124,0.24775708,0.058113873,-0.8744229,0.7525124,-0.12258774,-0.7285959,0.47698838,-0.010077655,-0.85886616,0.0023766756,-0.7390397,0.11651498,-0.4167742,-0.6991391,-0.68692744,-0.58985615,0.15803367,0.52250147,-0.91797435,0.18563372,0.23001003,-0.3346939
Stochastic,-0.33455008,0.54956293,-0.8479411,1.7933007,-0.006316304,0.62695855,1.0272787,-0.37750316,1.3590243,-0.8649679,-0.6061543,-0.89625037,-0.65051454,-0.077892125,0.28472406,3.111592,1.3670558,0.4556476,-0.64576274,-0.8567388,-0.78187007,-0.10460073,0.29068714,0.8814254,0.5435283,-0.109909415,-0.769146,0.87790287,0.10483748,-0.6082742,-0.43850243,-0.4884208,0.80964196,1.1956922,1.5633035,0.023771226,1.1418316,0.16320628,0.31463474,-0.499355,-0.4074377,-0.3070519,1.744359,0.35862273,-0.67911494,-0.7228408,-0.81980205,-0.61001027,-0.040439963,0.52452666,-0.39828074,-0.03682834,-0.3579402,2.0306067,-0.87069744,0.067239285,-0.7250124,-0.23265547,1.0703104,-0.83158374,0.22594184,-0.6003485,0.21678865,-0.530149,0.08747095,-0.3095125,0.24817598,-0.16130573,0.60648966,0.46163678,-0.081836104,0.93132704,-0.14233291,-0.9401567,0.12144053,-0.30943763,-0.64734524,-0.4762993,0.9298353,-0.5995401,0.63568115,-0.36536637,-0.17059267,0.7937814,1.0272902,-0.124821246,-0.8679824,-0.27713174,0.7378315,-0.79638237,-0.80030453,0.6821015,0.22205228,-1.0013738,-0.5519955,-0.32808363,-0.051629543,0.036209226,-0.19787437,-0.87167406,-0.44813988,0.23325664,2.542398,-0.44928887,-0.07867348,-0.21395877,0.3732394,-0.06022054,-0.86332345,0.7282587,-0.28018785,-0.74100757,0.48440808,0.07363182,-0.84765226,-0.15533906,-0.6477381,0.37940902,-0.36271098,-0.79188484,-0.7199794,-0.62797666,0.06501365,0.49214864,-0.90696186,0.55092686,0.36097038,-0.31369853
BollingerBands,-0.4119412,0.4354632,-0.8583583,1.4962516,-0.13412517,0.75833166,0.9400683,-0.45925313,1.1758693,-0.9536024,-0.6970277,-0.8844002,-0.6298113,-0.08325809,0.4308458,3.0242639,1.2916903,0.35701096,-0.5563067,-0.86747533,-0.6710911,-0.26259297,0.25749612,1.0660858,0.5732655,0.048384905,-0.7620043,0.7578197,0.15190381,-0.70721644,-0.49017343,-0.61177564,0.79043937,1.3077128,1.481417,-0.023153007,1.2037847,0.14000714,0.52761215,-0.4324735,-0.22662485,-0.31931615,1.9239275,0.46817243,-0.6102764,-0.73226935,-0.830439,-0.6566906,-0.29101408,0.40678662,-0.4732907,0.091258585,-0.23120439,1.8576963,-0.88121235,-0.033928692,-0.75171745,-0.22994685,1.09765,-0.84160554,0.2752599,-0.54659194,0.33493823,-0.6327455,0.23628324,-0.47180116,0.37788224,-0.09738219,0.5983658,0.26085,-0.20066643,1.0237634,-0.1683265,-0.9515953,0.0054067373,-0.1579448,-0.6470056,-0.47435138,1.0446702,-0.8078971,0.5342493,-0.31196493,-0.18958402,0.7636232,1.1197307,-0.2247169,-0.87884074,-0.4076929,1.0376694,-0.80464506,-0.7216001,0.6560521,0.12937152,-0.9296234,-0.62211734,-0.23897243,0.045864046,0.050103188,0.022034347,-0.8819743,-0.2515059,0.3819859,2.563926,-0.44308576,0.03929466,-0.099918306,0.28587407,0.058553994,-0.8739361,0.78846127,-0.15811217,-0.7173162,0.47633582,0.0046088696,-0.85837436,-0.009878039,-0.7386293,0.15709847,-0.40576884,-0.7178764,-0.6922811,-0.5751389,0.1489594,0.5052937,-0.91749144,0.26977366,0.23669946,-0.31791455
BeepBoop,-0.3523251,0.3954007,-0.86111385,1.6277382,0.193429,1.019788,0.9588152,-0.4524089,1.6127703,-0.6084324,-0.57659936,-0.9098616,-0.7047609,0.03526044,0.7427777,2.6739647,0.86951417,0.41631567,-0.61772907,-0.8695927,-0.7600112,-0.11245763,0.2851687,1.1328835,0.8791497,0.1697489,-0.78059626,0.6091903,0.2693237,-0.8206089,-0.6394618,-0.3528049,0.6689321,1.2319036,1.4144568,-0.0929364,1.337426,0.14886177,0.16627663,-0.4141664,-0.16773766,0.2437923,1.6978827,0.7888627,-0.6744355,-0.7341288,-0.8325367,-0.58188856,-0.30775285,0.22327489,-0.53171015,-0.17710161,-0.23974389,1.2351038,-0.88328606,-0.0014300942,-0.6682207,-0.102041304,1.2107139,-0.843582,0.800151,-0.81867033,0.43518752,-0.5907056,0.5430168,-0.57289755,0.41878664,-0.34740275,0.54875284,0.46934325,-0.14979905,0.9095534,-0.2156815,-0.95385134,-0.07717055,-0.37168834,-0.7250986,-0.54363513,1.3105525,-0.48660266,0.60996306,-0.40598515,-0.5065264,0.601849,1.0630908,-0.30060977,-0.800929,-0.47270268,1.1742123,-0.8062747,-0.7726551,0.45788592,-0.22179252,-0.8801775,-0.66478056,-0.30266166,0.363616,-0.023484945,-0.2682519,-0.88400567,-0.18194443,0.73880625,2.9101167,-0.32915652,-0.22950238,0.098418474,0.37830603,0.19444364,-0.8760292,0.4147455,0.18879229,-0.7844294,0.41022158,-0.2123118,-0.8604891,-0.15778226,-0.55054253,0.20036167,-0.22486967,-0.6926164,-0.8199453,-0.78275245,0.13116223,0.41648114,-0.9195682,-0.35577303,0.0745554,-0.5160022
BeepBoop,-0.3759205,0.37552947,-0.84576654,1.4315206,-0.106475055,0.8108373,0.90383947,-0.45753127,1.19977,-0.9548953,-0.71494645,-0.8785588,-0.6163105,-0.07787502,0.47051132,2.9894814,1.222714,0.34382665,-0.50922537,-0.8687235,-0.64849234,-0.30734426,0.25864565,1.1224228,0.60875225,0.10442555,-0.7570017,0.7229279,0.16484147,-0.7326802,-0.5679083,-0.60488665,0.81394315,1.3703364,1.4359388,-0.066679716,1.252207,0.126046,0.52931297,-0.41907218,-0.18488431,-0.2807865,1.9484138,0.5353923,-0.62136877,-0.7333654,-0.8316755,-0.65523887,-0.34330457,0.38778615,-0.49833858,0.09478593,-0.19845188,1.7417419,-0.88243484,-0.08104676,-0.760742,-0.25830954,1.1112821,-0.84277064,0.34152406,-0.5725311,0.388709,-0.63564044,0.30278075,-0.5253573,0.39743012,-0.1265865,0.60369307,0.21286649,-0.21555674,1.0134757,-0.16703969,-0.9529252,-0.028263628,-0.14076048,-0.58081555,-0.47113878,1.0967269,-0.8221406,0.5491714,-0.30589068,-0.20758492,0.75672996,1.1107454,-0.30056137,-0.8801031,-0.44687244,1.0871309,-0.8056057,-0.72910416,0.60129446,0.0763365,-0.86857146,-0.6260893,-0.23490894,0.07332772,0.05392164,0.04412222,-0.88317174,-0.20884484,0.41693878,2.6160793,-0.42034695,0.07698357,-0.06085813,0.25315952,0.08510846,-0.87517,0.7819262,-0.10406548,-0.71812433,0.47939485,-0.030317783,-0.8596209,0.009937644,-0.7396698,0.0665198,-0.42509106,-0.6874806,-0.687662,-0.5980302,0.15953195,0.5160062,-0.9187156,0.15514952,0.19695461,-0.3346262
PSAR,-0.4030331,0.41050977,-0.8497,1.471272,-0.12500119,0.7766163,0.9309835,-0.45340395,1.1886537,-0.9527214,-0.7069117,-0.8806679,-0.6240832,-0.07760483,0.44020158,3.021542,1.2648358,0.35192382,-0.53068453,-0.86662465,-0.65901697,-0.28952664,0.25456512,1.0817405,0.5879483,0.063114464,-0.7641468,0.748174,0.15413898,-0.70859474,-0.5219923,-0.61337316,0.8137901,1.3266236,1.4684527,-0.0447312,1.2298908,0.13810235,0.5388659,-0.42429626,-0.21539766,-0.32242984,1.9329531,0.47797054,-0.6217159,-0.7315223,-0.8295962,-0.6633519,-0.31665635,0.40060282,-0.48725268,0.09824473,-0.21226114,1.8213263,-0.8803793,-0.04895079,-0.75488853,-0.24650544,1.095357,-0.84081155,0.30677778,-0.551737,0.353144,-0.6403726,0.26587874,-0.48432487,0.3849982,-0.11287135,0.595069,0.2371723,-0.19245225,1.0223994,-0.16705167,-0.95068914,-0.009535968,-0.15069711,-0.6171665,-0.46976355,1.0537533,-0.8219758,0.5356616,-0.30988687,-0.19017541,0.76272064,1.1230259,-0.25275052,-0.8779804,-0.4202627,1.0513353,-0.80399054,-0.72644246,0.63244677,0.11944896,-0.90848094,-0.62356657,-0.24536425,0.05473137,0.055344403,0.03652066,-0.88115823,-0.24219865,0.38951844,2.5805864,-0.43713823,0.05354792,-0.08463299,0.26298636,0.06247711,-0.8730954,0.77209765,-0.13942873,-0.7137875,0.47884357,-0.0017745495,-0.85752493,-0.00539124,-0.7379202,0.12209302,-0.41512913,-0.7034323,-0.6874865,-0.58104306,0.15424794,0.5120749,-0.91665727,0.22885776,0.23079121,-0.32312018
PSAR,-0.4111311,0.40726322,-0.8510285,1.4685115,-0.1280241,0.793448,0.93086267,-0.45789886,1.1769834,-0.9541236,-0.70775515,-0.87673736,-0.6229449,-0.079642594,0.4657961,3.01322,1.2532043,0.35004926,-0.532503,-0.86797845,-0.6534002,-0.28780353,0.24728578,1.0917655,0.58356297,0.065766096,-0.7601303,0.7296755,0.1590755,-0.72722113,-0.51130503,-0.6162014,0.8141014,1.3440623,1.4573686,-0.04764688,1.2300885,0.1383912,0.5338081,-0.42001817,-0.1985718,-0.31594276,1.9414294,0.49152726,-0.6164048,-0.73271126,-0.8309374,-0.6652135,-0.3305108,0.37889117,-0.48801002,0.095288694,-0.21243477,1.8062524,-0.8817052,-0.045344293,-0.7544603,-0.24322754,1.0923054,-0.8420752,0.29719228,-0.5465578,0.35843486,-0.635416,0.2711035,-0.4826457,0.38921207,-0.11008787,0.60581595,0.24868828,-0.19424164,1.0333745,-0.15993518,-0.95213145,-0.019889534,-0.14593345,-0.61464596,-0.47223055,1.0585672,-0.8199645,0.54947305,-0.30823326,-0.20064467,0.7602935,1.1255108,-0.24991155,-0.8793495,-0.4378851,1.0587865,-0.8050324,-0.72353613,0.627847,0.12863493,-0.89835125,-0.6257759,-0.24649721,0.052524984,0.05292529,0.040365577,-0.882457,-0.22458965,0.3966918,2.58431,-0.43304265,0.06591648,-0.07496977,0.25044388,0.060814857,-0.8744336,0.7521835,-0.12336624,-0.72788703,0.47656566,-0.0081195235,-0.8588769,-0.0030824542,-0.73904866,0.121355176,-0.41484675,-0.69730365,-0.6885418,-0.58894444,0.1583488,0.52193815,-0.91798496,0.18764615,0.22809839,-0.33556247
BeepBoop,-0.3620471,0.38103473,-0.85894644,1.4753401,-0.055174053,0.8229557,0.8989699,-0.46352953,1.2669069,-0.95360506,-0.6895461,-0.9008589,-0.63416916,-0.052528977,0.4994684,2.958401,1.1944722,0.35155964,-0.52024645,-0.86747783,-0.67313194,-0.26426387,0.28348535,1.1162903,0.6452975,0.1489948,-0.7787124,0.74096495,0.17113352,-0.7530165,-0.5968066,-0.5488213,0.78723997,1.3295152,1.4260802,-0.048897862,1.2674232,0.12878883,0.45292163,-0.42528677,-0.1926431,-0.1879437,1.9286798,0.5720327,-0.6298355,-0.7322715,-0.8304414,-0.6252212,-0.3198508,0.40025312,-0.5004216,0.055406153,-0.20720387,1.6522255,-0.88121486,-0.07655877,-0.75202996,-0.23340034,1.1451128,-0.84160787,0.41399693,-0.63697064,0.39991027,-0.62119186,0.33772808,-0.5477922,0.38945222,-0.13868707,0.6000201,0.23759508,-0.21552205,0.9717265,-0.18511176,-0.9515981,-0.015739202,-0.18575454,-0.60507935,-0.489053,1.137017,-0.76286584,0.55653214,-0.31439906,-0.2366646,0.7405756,1.0963776,-0.3042341,-0.87884337,-0.44190335,1.1159979,-0.8046471,-0.7418868,0.58161634,-0.011654377,-0.89794236,-0.6229088,-0.22762108,0.10628909,0.039514422,0.009166837,-0.88197666,-0.21654063,0.45156497,2.6635623,-0.40599352,0.017557204,-0.06377292,0.2896406,0.1182822,-0.8739386,0.7683419,-0.08365959,-0.72970116,0.47730196,-0.056369603,-0.85837686,-0.011698365,-0.73863137,0.07700938,-0.39606148,-0.694266,-0.70143545,-0.63552946,0.15370822,0.49576145,-0.917494,0.12905246,0.17112339,-0.34836847
BollingerBands,-0.37050605,0.3751378,-0.8372948,1.4186084,-0.11922759,0.7921421,0.8996347,-0.45120335,1.1850848,-0.95411754,-0.7254493,-0.87245256,-0.60561407,-0.087973356,0.4363488,3.0195498,1.246428,0.33581305,-0.50236475,-0.8679726,-0.6472013,-0.32519907,0.2554261,1.1160474,0.5887622,0.08713657,-0.7390488,0.7356002,0.14958525,-0.70331323,-0.55074,-0.6232722,0.8149252,1.3817658,1.4481597,-0.0647043,1.2389276,0.12680656,0.5540597,-0.42271727,-0.20000994,-0.32374936,1.944442,0.497472,-0.61794484,-0.732706,-0.83093154,-0.652274,-0.34087873,0.4024747,-0.49084544,0.11370772,-0.19968474,1.8021595,-0.8816994,-0.08806735,-0.7688895,-0.275151,1.1017108,-0.8420697,0.29863358,-0.5439316,0.38581032,-0.63582987,0.27165043,-0.5223849,0.39062518,-0.12674463,0.601965,0.20073748,-0.22358018,1.0190115,-0.16279107,-0.95212513,-0.01789707,-0.12774897,-0.5761418,-0.46189532,1.0857898,-0.8486805,0.5548309,-0.31040192,-0.17494303,0.76879215,1.1115804,-0.31100714,-0.8793436,-0.43611357,1.0558596,-0.8050278,-0.7265543,0.6209658,0.09205085,-0.8629569,-0.61739737,-0.23234487,0.058952928,0.060381472,0.052908182,-0.8824513,-0.22660834,0.38513446,2.5825548,-0.4337535,0.093622506,-0.07743305,0.2465238,0.067307055,-0.8744277,0.8132701,-0.12960285,-0.699918,0.483607,-0.013001204,-0.85887104,0.022165537,-0.7390437,0.059308887,-0.43815613,-0.69262844,-0.67705816,-0.575057,0.15475553,0.51778674,-0.9179791,0.2094276,0.21494818,-0.3151005
BeepBoop,-0.33659542,0.38388652,-0.8638575,1.6079359,0.21369684,1.0476816,0.936653,-0.45808852,1.6220832,-0.60300046,-0.55807734,-0.9126966,-0.69196284,0.024501443,0.7686298,2.635463,0.846657,0.4196242,-0.62532824,-0.87227,-0.76392317,-0.108832836,0.27154922,1.1603546,0.8785287,0.1817112,-0.78298116,0.5764033,0.28211713,-0.8231151,-0.6290634,-0.35403752,0.6477942,1.2683549,1.3891543,-0.106161594,1.3176742,0.13053644,0.1321857,-0.40871206,-0.13467973,0.28953487,1.6961149,0.8345971,-0.6684639,-0.73647994,-0.83518916,-0.5681113,-0.33541477,0.19032001,-0.52309674,-0.2000488,-0.24835473,1.2010002,-0.88590807,-0.013125539,-0.6703799,-0.10534841,1.2198911,-0.8460811,0.7828271,-0.8009991,0.4568686,-0.5622854,0.54184157,-0.59856296,0.42428106,-0.36174834,0.57605946,0.49964708,-0.18183553,0.9012256,-0.20265365,-0.95670366,-0.088950634,-0.36004326,-0.71828336,-0.53933156,1.3422569,-0.46345842,0.6749712,-0.40628824,-0.5304655,0.5949475,1.0466305,-0.31954336,-0.8171253,-0.48656675,1.1642839,-0.8083352,-0.73051107,0.4526506,-0.23898643,-0.8366725,-0.67461693,-0.29006845,0.3581983,-0.030073285,-0.2901786,-0.8865742,-0.16557062,0.74555755,2.931047,-0.30734718,-0.22339606,0.119378746,0.38039255,0.2016064,-0.87867564,0.4285525,0.23240995,-0.7869127,0.4076593,-0.24376267,-0.8631627,-0.15015548,-0.5524056,0.16383749,-0.21883196,-0.68295985,-0.8330254,-0.77911305,0.12852573,0.42053092,-0.9221938,-0.42204368,0.0595721,-0.52871394
PSAR,-0.3911323,0.40020615,-0.8469741,1.4712591,-0.11041069,0.7702034,0.9208621,-0.45170802,1.2115135,-0.9534213,-0.700786,-0.8887387,-0.6214202,-0.07449657,0.4290058,3.011053,1.2707392,0.35509753,-0.5271555,-0.8673004,-0.65963167,-0.28549218,0.25157642,1.0882456,0.5888324,0.07258171,-0.76165205,0.7548501,0.15391082,-0.70267606,-0.53859675,-0.6135616,0.8198867,1.3384323,1.4682438,-0.051339447,1.2258561,0.13375449,0.52264774,-0.42665496,-0.22014928,-0.3099274,1.9320405,0.48977202,-0.629184,-0.73211575,-0.8302656,-0.6589923,-0.31894416,0.4096589,-0.4839762,0.09299767,-0.2122668,1.811983,-0.88104105,-0.05490333,-0.7588352,-0.2585482,1.0960236,-0.84144217,0.31255817,-0.5595506,0.3603329,-0.63189983,0.2630359,-0.4965384,0.38319582,-0.12081528,0.5985577,0.2302134,-0.20138037,1.0167339,-0.16570121,-0.951409,-0.0057438016,-0.1497953,-0.6145656,-0.4688125,1.0598385,-0.81429046,0.5486799,-0.306517,-0.19011068,0.7657055,1.107708,-0.26665753,-0.87866384,-0.41824266,1.0419023,-0.8045104,-0.7301285,0.62974805,0.10024017,-0.9018342,-0.62421477,-0.24865949,0.052984178,0.054881394,0.021113098,-0.88180643,-0.24387574,0.39077026,2.5872283,-0.42717135,0.0596447,-0.09003699,0.26969182,0.07461703,-0.87376326,0.80211884,-0.13799965,-0.7068168,0.48163688,-0.004283309,-0.85819966,-0.0047204494,-0.7384834,0.10770911,-0.42121398,-0.6985729,-0.6861025,-0.5807598,0.15083772,0.51164293,-0.91731995,0.23561132,0.21951044,-0.31700343
BeepBoop,-0.38685125,0.3798259,-0.86086327,1.5726881,0.10079694,0.9673186,0.9507656,-0.46805483,1.4921412,-0.725711,-0.6251181,-0.9096027,-0.69678885,0.038141668,0.7021934,2.7338815,0.9739197,0.3964914,-0.5806648,-0.8693482,-0.72672653,-0.13505161,0.26689184,1.1319337,0.8065233,0.19946766,-0.78037846,0.63785213,0.25109774,-0.82038003,-0.63864017,-0.42165488,0.705849,1.2758211,1.412791,-0.061521947,1.3029723,0.13940513,0.25696373,-0.41697267,-0.15278012,0.1283319,1.7893603,0.7646811,-0.6566433,-0.7339142,-0.83229446,-0.5879642,-0.31491756,0.2662673,-0.5372624,-0.10505539,-0.22139633,1.3325962,-0.8830467,-0.0076501966,-0.6957742,-0.12323564,1.1745663,-0.8433538,0.6968505,-0.8074423,0.4321671,-0.6074849,0.5060374,-0.5805367,0.42741287,-0.2637915,0.57415766,0.36662638,-0.16843069,0.95141345,-0.20788825,-0.9535908,-0.06995827,-0.3026194,-0.6765531,-0.53292084,1.2693111,-0.57347524,0.5690309,-0.36511505,-0.4494238,0.6340508,1.085984,-0.28138137,-0.86844236,-0.5034476,1.2099303,-0.8060866,-0.7707589,0.48187274,-0.16275871,-0.88738793,-0.65649796,-0.269557,0.30347693,-0.008001685,-0.1711123,-0.8837711,-0.15862697,0.68303597,2.8446035,-0.34292346,-0.15129972,0.06166351,0.3630365,0.18412012,-0.8757875,0.51989937,0.11216432,-0.7842026,0.42832315,-0.16627651,-0.86024487,-0.11448336,-0.6663538,0.16954488,-0.26959354,-0.68305653,-0.79232234,-0.7753639,0.14917326,0.45463818,-0.91932833,-0.26753807,0.09571898,-0.4699042
Stochastic,-0.38649395,0.47506034,-0.8522707,1.6096113,-0.10046291,0.6594803,0.9602613,-0.43880987,1.2710105,-0.946858,-0.6510017,-0.9007241,-0.63942885,-0.068858385,0.33333564,3.0430396,1.3826648,0.39064384,-0.59184057,-0.8609637,-0.70703876,-0.20335335,0.25009692,0.9777015,0.54241014,-0.0073651075,-0.7729095,0.83585125,0.13257223,-0.6358466,-0.4641854,-0.59903324,0.81824607,1.2538396,1.5412381,-0.003476262,1.146088,0.14014816,0.46170372,-0.45031685,-0.31618232,-0.34608182,1.8687644,0.413561,-0.6524505,-0.72655094,-0.8239877,-0.6533423,-0.21588558,0.4739644,-0.4388898,0.05864954,-0.2671891,1.9729319,-0.8748351,0.007273376,-0.7454847,-0.24388874,1.0680442,-0.83552736,0.24957168,-0.5508404,0.2810235,-0.6036229,0.16235971,-0.41922984,0.3256942,-0.11520183,0.5856885,0.30483294,-0.1646325,0.9970142,-0.16762465,-0.94465786,0.06042391,-0.1988936,-0.7280808,-0.4733182,0.9776168,-0.7481562,0.55901253,-0.3163916,-0.16095483,0.7773879,1.0779614,-0.16114801,-0.87225515,-0.33632794,0.90662146,-0.7996338,-0.73733824,0.6996814,0.13643658,-1.0007558,-0.61718863,-0.2684694,0.0054425597,0.04537624,-0.06582987,-0.8757272,-0.34323674,0.33484596,2.5188394,-0.43415406,0.030799568,-0.17125487,0.33311212,0.05445683,-0.8674996,0.84871054,-0.21820164,-0.68493444,0.48275918,0.04612273,-0.85187143,-0.05641669,-0.73320115,0.23019707,-0.39565492,-0.73725015,-0.69623125,-0.5570489,0.12158322,0.4863056,-0.9111053,0.44331867,0.27722633,-0.28214926
BeepBoop,-0.31075627,0.34521723,-0.849881,1.5352607,0.0028208494,0.8034204,0.89278454,-0.41759133,1.3708277,-0.95026857,-0.6834988,-0.90421104,-0.6157006,-0.07261628,0.4508071,2.95093,1.1911178,0.36015594,-0.49367595,-0.86425656,-0.6721697,-0.25372088,0.29794705,1.1085286,0.6469294,0.12813985,-0.77584285,0.76735,0.16867954,-0.6972035,-0.64158094,-0.51850426,0.86702585,1.3453124,1.467236,-0.08748311,1.2900109,0.12038803,0.42089283,-0.43049982,-0.24759203,-0.19830161,1.8691154,0.515124,-0.6977324,-0.72944266,-0.82725,-0.6273157,-0.3398738,0.45533127,-0.49024045,0.04393059,-0.20415556,1.6565592,-0.8780601,-0.1240114,-0.7481637,-0.29813224,1.1547064,-0.83860105,0.4488126,-0.66570354,0.410461,-0.5874641,0.33988988,-0.56353766,0.3558455,-0.18262392,0.6052224,0.2383833,-0.18594837,0.94395757,-0.18903941,-0.94816613,0.00147897,-0.2059707,-0.6208956,-0.48726535,1.1150018,-0.71620125,0.6265653,-0.30745828,-0.21036828,0.7684805,1.0522114,-0.33708322,-0.8755855,-0.41949347,1.0184015,-0.80216795,-0.7668147,0.55443203,-0.027938068,-0.90233195,-0.6219466,-0.24784577,0.12770528,0.031642854,-0.053376853,-0.87888634,-0.25642216,0.42255002,2.6808941,-0.37921092,0.012278795,-0.08668256,0.29057956,0.1298365,-0.8707545,0.822573,-0.086461306,-0.6968577,0.49124694,-0.041032672,-0.85515994,-0.027420342,-0.71643376,0.055327237,-0.42498603,-0.6915675,-0.69101083,-0.6454217,0.13657314,0.48223758,-0.9143348,0.18912202,0.1915605,-0.3466246
BeepBoop,-0.32734647,0.35232562,-0.8488917,1.4822825,-0.024276018,0.79571915,0.8879453,-0.436198,1.3331693,-0.9506346,-0.68833727,-0.9045853,-0.62395966,-0.052531898,0.44231784,2.955968,1.2048647,0.35911107,-0.49406123,-0.86460996,-0.66720366,-0.2749895,0.28558826,1.1136212,0.6519248,0.14507657,-0.7761576,0.7673622,0.16734529,-0.7136828,-0.6489617,-0.54732126,0.84031725,1.3384991,1.4508142,-0.07749063,1.2795353,0.12186921,0.45177913,-0.42870337,-0.23007983,-0.20520234,1.9028485,0.5461513,-0.6741256,-0.72975296,-0.8276001,-0.63710815,-0.32926816,0.44502753,-0.5005396,0.05965042,-0.192061,1.6561551,-0.8784061,-0.104670644,-0.75436985,-0.28025442,1.1398485,-0.8389309,0.45428038,-0.6557331,0.40587282,-0.6147122,0.3422866,-0.56349486,0.37939566,-0.1655162,0.59274364,0.20326406,-0.20057738,0.9547628,-0.19166005,-0.9485426,-0.005052626,-0.1867637,-0.59478843,-0.47846723,1.121627,-0.75586486,0.569472,-0.3050127,-0.21449912,0.7565209,1.0689498,-0.33579618,-0.8759428,-0.41753188,1.0668938,-0.80243987,-0.75697523,0.5652021,-0.03027898,-0.89229363,-0.62395954,-0.24625283,0.11733878,0.043443263,-0.020439923,-0.8792254,-0.24533671,0.43611133,2.6728559,-0.39038727,0.01912433,-0.07738179,0.2930649,0.1344912,-0.87110376,0.82546866,-0.097341955,-0.6921793,0.48894155,-0.040813863,-0.8555128,-0.017432392,-0.7362407,0.04582894,-0.4226442,-0.6847596,-0.6905511,-0.62587816,0.14336538,0.48518384,-0.9146813,0.1815381,0.17364061,-0.33079565
Choc,-0.42928672,0.41924214,-0.86034477,1.508908,-0.087583244,0.825034,0.9365986,-0.47868752,1.2384127,-0.9550184,-0.6761561,-0.89760643,-0.65189976,-0.03566128,0.5446241,2.9390707,1.2087055,0.3710519,-0.554837,-0.86884236,-0.6749958,-0.2394343,0.23848534,1.0913692,0.62145966,0.108980715,-0.77992773,0.71345717,0.18827271,-0.784832,-0.5325803,-0.5745169,0.79524344,1.3036656,1.4274993,-0.04083842,1.236738,0.13800335,0.4545499,-0.4157056,-0.1683554,-0.21544808,1.9397401,0.5735488,-0.6201706,-0.7334699,-0.83179325,-0.6464704,-0.32974118,0.3365373,-0.5071515,0.035957456,-0.21651965,1.6942881,-0.8825512,-0.013308585,-0.73570764,-0.19832659,1.1114147,-0.84288156,0.3865335,-0.6074114,0.36249405,-0.62491024,0.33477557,-0.49495322,0.39691293,-0.1333409,0.6103393,0.2924809,-0.173289,1.0191741,-0.16501921,-0.95305175,-0.036560178,-0.17711169,-0.63760585,-0.48832488,1.1072502,-0.7516937,0.5588033,-0.30461735,-0.27507496,0.72399265,1.1375728,-0.21014369,-0.8802233,-0.45977,1.108099,-0.8056972,-0.7299709,0.6013803,0.081189334,-0.9110139,-0.64183676,-0.25224048,0.08171755,0.035189033,0.0028627515,-0.88328576,-0.20706409,0.464984,2.6578128,-0.4027784,0.018745959,-0.044683397,0.2618606,0.096102595,-0.8752874,0.67598057,-0.05365002,-0.7688483,0.46884722,-0.050440013,-0.85973966,-0.03703904,-0.7397688,0.13776284,-0.3709911,-0.68958277,-0.72316563,-0.65154845,0.16396594,0.52549326,-0.9188321,0.05866766,0.20240104,-0.37356144
BeepBoop,-0.32237062,0.36702615,-0.85886455,1.5244279,-0.022996664,0.7945057,0.894291,-0.43691736,1.3213887,-0.9535223,-0.6773176,-0.90753746,-0.6237985,-0.08027351,0.45339435,2.9397814,1.211815,0.3650124,-0.5193678,-0.86739784,-0.67906815,-0.24254632,0.30413377,1.1105188,0.64568543,0.12526941,-0.7786411,0.76401347,0.17677754,-0.7087663,-0.6314944,-0.5233674,0.83149946,1.3283441,1.4595859,-0.07382345,1.2716322,0.11367977,0.4300171,-0.43254265,-0.2326206,-0.18651408,1.8900957,0.5436596,-0.6694555,-0.7322013,-0.83036226,-0.62436265,-0.3141765,0.4538957,-0.48419338,0.0414657,-0.21977884,1.6688418,-0.88113654,-0.11120206,-0.7484821,-0.2694589,1.1625276,-0.84153324,0.4274401,-0.66123706,0.39625293,-0.59697556,0.32245708,-0.5561949,0.3628435,-0.15434998,0.6006278,0.24210382,-0.209019,0.94778734,-0.1909287,-0.95151293,0.00350219,-0.20215797,-0.63223517,-0.49358502,1.1256868,-0.71876854,0.58975005,-0.30433857,-0.22667015,0.7633799,1.0515852,-0.30990487,-0.8787625,-0.41430834,1.0455579,-0.8045856,-0.7557329,0.57237864,-0.011884928,-0.9095971,-0.628353,-0.22816014,0.10727477,0.03261876,-0.0424487,-0.8819,-0.24428236,0.43785918,2.6754253,-0.38345453,0.007802725,-0.085035324,0.31629938,0.12999779,-0.87385964,0.84026515,-0.10014844,-0.7057931,0.48401046,-0.05076188,-0.8582971,-0.021758676,-0.7231556,0.07464343,-0.41231823,-0.7033106,-0.70126426,-0.6350351,0.14105248,0.47736365,-0.91741556,0.20571715,0.17626071,-0.34355634
