BeepBoop,0.0034309924,-0.40482545,-0.46521038,-0.1589176,2.500414,1.5205159,0.37118036,-0.23858458,-0.24962068,-0.575558,1.319682,-0.2744783,1.3441973,0.00261271,-0.4462071,0.13136896,0.06149976,0.28108615,-0.15817793,-0.22123677,-0.39302695,-0.7524983,-0.538839,0.1461437,-0.92356086,0.019354433,0.2718879,-0.38588482,-0.108132035,-0.57398003,0.15554255,-0.3276508,-0.29540765,-0.054884672,0.19445632,-0.051023096,-0.19080904,-0.11039926,-0.5002134,-0.084102094,4.508915,-0.22120225,-0.17877206,-0.64032453,0.9691173,-0.7232105,0.21633554,-0.11722128,0.03194303,-0.32484615,1.0597694,-0.54823416,0.32128587,3.6580698,-0.44651687,0.017464697,-0.11861749,-0.5725831,0.69955087,-0.30595785,-0.7297435,-0.25008398,-0.37674528,2.2027595,-0.08102742,0.15106633,0.17865741,-0.13936338,-0.17794001,-0.71063703,-0.5907285,-0.40196547,-0.31040066,2.3110654,2.1845224,0.68966496,-0.38776785,0.60332,-0.14709955,-0.38160437,0.5839337,0.00602898,-0.18150775,1.3573414,-0.14111671,-0.46741083,-0.5462875,2.4661036,-0.5626398,-0.3564694,-0.355632,0.5030778,-0.6385848,-0.33440655,-0.5316696,-0.30579597,3.788086,0.5033609,-0.43444258,-0.06711429,-0.24322635,-0.47075802,-0.35299742,-0.89528847,0.11232585,0.10914397,-0.52276087,-0.12800044,0.6059369,0.1388312,-0.18870455,0.14752528,0.09126091,0.076581836,-0.58747894,-0.5410152,-0.10035224,-0.76916206,1.1047661,-0.6635599,-0.63770014,0.24095628,-0.19340217,0.9064394,-0.18876149,-0.474706,-0.26875013,-0.10125978
BollingerBands,0.09710376,1.351042,-0.5167793,-0.12713182,2.05745,0.82936746,-0.17747428,-0.25695816,0.016961455,-0.43105513,1.111036,-0.56197584,-0.37277585,0.85318375,-0.5403898,0.5046476,0.022500455,0.1093024,0.127761,-0.23282903,1.8056993,-0.6757003,-0.34913427,0.47283185,-1.0662588,-0.035585202,-0.23918566,-0.49162945,-0.119380325,-0.32166663,0.064752996,-0.31141275,-0.10961026,-0.023099944,0.27094853,0.21736792,-0.42780444,-0.22679415,-0.6512958,1.1132157,3.2157898,-0.17160892,-0.19771819,-0.571361,1.301467,-0.77142704,-0.26439524,0.16948983,0.05895669,-0.8826075,-0.2731337,-0.5011484,0.38784325,1.1923089,-0.35797212,1.285821,-0.15476663,-0.23038149,1.2901988,-0.2006728,-0.81837356,0.41411692,-0.14618349,0.43467247,-0.33191562,1.0145612,-0.4485888,-0.16199802,-0.19569317,-0.09763104,-0.69533813,1.2192897,-0.36059463,0.22316012,0.34378272,2.2884164,-0.51856107,0.17316622,-0.6678687,-0.4370461,-0.34783322,-0.2249614,-0.19817269,2.8218107,-0.1550288,-0.5183628,-0.44737756,3.559124,-0.62446487,-0.095169485,-0.39119214,0.6038362,-0.3445686,-0.6167145,-0.7589733,-0.61448365,1.9542919,-0.046001077,0.17654908,2.6911545,0.108219326,-0.29826397,-0.29511765,-0.8939055,-0.9298177,0.3114243,-0.11980301,-0.09519762,-0.09306139,0.2305466,-0.35478818,0.75903535,-0.1184926,-0.21411073,-0.6623236,-0.55919814,-0.017130047,0.7620315,0.6911602,-0.8706589,-0.7251078,0.25944042,-0.40317306,-0.21861571,-0.20044859,-0.3200193,-0.56696606,-0.10863432
Choc,0.20323932,-0.28810057,0.20822668,-0.06058462,-0.2178117,1.5260193,-0.16037245,-0.21272418,0.82289493,-0.6663054,0.22086704,-0.5655916,-0.37527862,0.1911147,-0.54299504,0.39155802,-0.08499672,0.89770794,0.17961794,-0.031505167,-0.20206952,-0.012892187,0.05498314,0.24995151,-0.9574012,0.19339691,0.10772222,-0.20813376,-0.13526359,-0.5535028,0.17750552,-0.31390136,0.43362027,0.13355574,0.3279823,-0.14028043,-0.4297568,-0.1289401,-0.65505326,-0.78871596,2.462315,-0.97176963,-0.19871819,-0.37501663,-0.28481954,-0.94242424,-0.26748675,0.21193501,0.20329747,-1.0552537,-0.48109776,-0.35773322,0.3833486,1.8883101,0.009478867,2.149637,-0.0012193322,0.5121408,-0.75105363,0.3877722,-0.5938286,-0.2181997,0.24497443,-0.34983286,-0.33495674,2.1712804,-0.4031816,-0.093221664,1.5891995,4.0595345,-0.55183965,1.4283981,-0.36324403,0.6016681,-0.52753526,3.2131824,-0.4330671,-0.39789408,-0.5827533,-0.51416695,-0.4333189,-0.45168087,-0.19905232,4.424481,-0.15576313,-0.15844202,-0.21893144,0.73201317,-0.5272979,-0.5076427,0.046951175,1.4008579,-0.058195233,-0.76015276,-0.8327644,-0.56695175,-0.35357675,0.7666016,-0.073945135,1.513608,0.31901652,0.2172895,-0.15923007,1.2837212,-0.5877968,0.54492736,1.1764407,-0.016654849,0.15085065,0.06466496,-0.40972814,0.065579355,-0.4379773,-0.29768032,-0.28666472,-0.30596492,0.1993885,0.034187376,-0.5699135,-0.874033,-0.72972137,0.4166609,-0.405867,-0.3801299,-0.20106545,-0.18531775,-0.0740307,-0.10902357
BeepBoop,0.053186387,-0.30384228,-0.23972103,-0.12733963,-0.4493312,1.1891863,-0.1517309,-0.23463748,0.1572814,-0.31338292,1.1965947,-0.48560283,-0.31991228,2.1465838,0.42728567,0.5643919,0.10541491,1.9225839,0.74726045,-0.067148745,3.3791537,0.006985545,-0.17095411,0.37077773,-0.94852895,-0.035671607,0.16759413,-0.20683499,-0.34530237,-0.3865209,-0.009732068,-0.4963107,-0.2257641,-0.08866471,0.4924246,0.520215,-0.3274729,-0.20929538,-0.57192904,3.744683,-0.066425204,0.07190269,-0.17659535,-0.4039373,1.6188831,-0.83176064,-0.19909525,-0.0061534345,0.06624727,-0.70135355,0.430951,-0.35031402,0.1530394,-0.61380565,-0.44001988,2.3380756,-0.2741006,-0.42429554,-0.7102609,-0.36345288,-0.71956086,0.74532455,-0.1563524,-0.04650846,-0.23111911,2.124274,-0.4058147,-0.12869392,0.16734666,0.2246322,-0.6194518,2.4163806,-0.30463395,1.424551e-05,-0.4612152,2.2554173,-0.43953243,1.3540125,-0.63763374,-0.4438865,-0.38508412,-0.13832185,-0.17959313,1.5037097,-0.13951834,-0.43592837,-0.052205533,1.4337761,-0.55553675,-0.06113389,-0.16642654,-0.28208214,-0.26170528,-0.6717088,-0.71893156,-0.4311148,-0.28212777,-0.17221723,-0.21274413,2.5130699,-0.055167466,-0.46148622,0.94748473,-0.7242856,-0.910689,0.28662497,-0.5358055,-0.19926994,0.31592038,0.17066526,-0.33618817,0.008169904,-0.9954146,-0.18483417,-0.5788801,-0.5090204,-0.065557,0.6170847,-0.26546574,-0.58076435,-0.627658,0.17004548,-0.34627068,-0.3843764,-0.18741876,0.046126068,-0.57139456,-0.10041253
Supertrend,0.09883368,-0.089716256,-0.04209608,-0.08740145,-0.16855124,0.9152371,0.08996238,0.025725678,0.22999334,-0.59261674,1.2406063,-0.29655576,-0.3249661,2.6656196,-0.4906218,1.3047274,0.109139994,1.590993,0.18606576,-0.09314686,1.7842209,-0.18386161,-0.22204202,0.508827,-0.9597839,-0.05341578,0.24737018,-0.24592064,0.3560399,-0.19048694,-0.06611392,-0.50162417,-0.2824737,-0.105598666,0.38875103,0.13215101,-0.09511992,-0.19538839,-0.57951653,1.7366958,6.1408215,-0.73646617,-0.17861469,-0.48713517,0.7604778,-0.36924708,-0.20533797,-0.19251716,0.06125458,-0.645712,-0.8677961,-0.60059047,-0.08134672,-0.31190607,-0.5304507,1.772068,-0.3213327,-0.6713804,-0.5364603,-0.55746275,-0.5779917,-0.26536068,-0.19163102,-0.30566245,-0.2338199,1.7166533,-0.3655327,-0.09357236,-0.115469724,2.58672,-0.6118008,1.7907443,-0.30998382,-0.039463073,-0.46726882,1.4186611,-0.24677739,1.2019174,-0.7313417,-0.39987323,-0.40143964,0.00034102798,-0.18136933,1.5525577,-0.14100114,-0.4667815,-0.031534016,2.1363149,-0.5621262,0.30152526,-0.12700051,-0.015172482,0.36857724,0.7116999,-0.63461614,-0.33126083,3.495043,-0.19805217,-0.2302929,0.5780592,0.24938661,-0.47008768,0.26825336,-0.8677866,-0.82949674,0.32412964,-0.9941795,0.049546152,0.050265223,-0.029931784,-0.15696418,-0.16193092,-0.92129385,-0.20693314,-0.42163342,-0.45858884,0.06330797,0.3123873,0.452729,-0.63838196,-0.63697416,0.17503254,-0.18490055,-0.5048372,-0.18866442,-0.27672347,-0.57890713,-0.10119854
BarMovement,5.211681e-05,-0.37513018,-0.58683944,-0.15906496,1.7231128,0.4117337,0.71215254,-0.24940221,-0.24309213,-0.50601614,0.94804156,-0.13623425,2.2702105,-0.078408875,-0.50657314,0.08490619,0.012374923,-0.18226564,-0.187819,-0.32546797,-0.40266222,-0.66548395,-0.52339107,0.15754706,-0.9939107,-0.004837781,0.1719082,-0.30727148,1.0744051,-0.59639066,0.20048898,-0.34835762,-0.36659205,0.53617495,0.139462,-0.14329086,-0.40246272,-0.08568114,-0.6025229,-0.5901911,3.9955993,-0.06564194,-0.13588339,-0.63126373,-0.5251783,-0.82373023,0.0061192513,-0.17255795,0.039683174,-0.59363234,0.47351062,-0.6399577,0.3601602,3.1232944,-0.5939466,-0.40120876,-0.18021119,-0.48437697,0.7367863,-0.676515,-0.6132184,-0.22654085,-0.5301998,1.760113,-0.07803039,0.04946032,-0.23367527,-0.17247243,0.7179816,-0.4704678,-0.5761393,-0.5110486,-0.32620534,1.2603165,2.3236315,0.5108864,-0.29146934,1.0144231,-0.24335021,-0.33440587,1.2698942,0.78604746,-0.124944955,1.3101027,-0.14549723,0.120452374,-0.41242522,2.3126423,-0.58210677,0.068733186,-0.32774493,0.4213798,0.3655722,-0.34934214,-0.37369332,0.52921534,3.7647786,1.0995305,-0.4509883,-0.51286775,-0.31444138,-0.2803889,-0.37576678,-0.92159355,2.9665759,0.017065272,-0.17823505,-0.27570197,1.7228528,0.051136732,-0.20823747,0.16200641,-0.49213624,-0.0055230856,-0.6110454,-0.42427057,-0.060227633,-0.7976385,0.4195009,-0.82686317,0.2508759,0.13876861,-0.36615428,-0.18797109,-0.19244142,-0.5306829,-0.5127494,-0.10358182
BeepBoop,0.045484737,-0.44702965,-0.23082325,-0.15917556,2.0283985,0.6752146,0.5270252,-0.23948476,-0.21511446,-0.5952268,1.4794694,-0.09082639,1.1861017,0.0062439144,-0.41943014,0.6438447,0.04256235,-0.3263836,-0.13530862,-0.12678999,-0.37840018,-0.7073268,-0.54079,0.17335749,-0.94097877,-0.013089284,0.7229212,-0.28292286,-0.019057393,-0.6144394,0.15219918,-0.34006956,-0.21092942,-0.10781322,0.23011045,-0.19633682,-0.24972865,-0.21018699,-0.48843744,-0.65968335,4.075467,0.009873271,-0.17926848,-0.63505536,0.30011725,-0.6440253,-0.1417358,-0.07679926,0.043747187,-0.30141252,0.6715886,-0.49276522,0.30739224,4.175075,-0.61512023,-0.25886896,-0.22046821,-0.41975367,0.2751115,-0.21551862,-0.73206574,-0.24913925,-0.1830239,3.2083127,-0.19511838,0.13514623,-0.36788803,-0.10124363,1.0235577,-0.37023675,-0.61273897,-0.19943309,-0.31171587,1.859782,1.590539,0.93984425,-0.4077671,1.1127942,0.0041481853,-0.38794437,0.5821015,0.4373012,-0.18194441,1.1543678,-0.14148124,-0.46939632,-0.51550585,2.6141152,0.06879008,-0.42988342,-0.380237,0.3654228,-0.7452286,-0.19046333,-0.5083486,-0.37724733,3.7540317,0.49105874,-0.43581945,-0.13247451,-0.21658376,-0.4728726,-0.30519366,-0.8974775,0.40732723,0.15592721,-0.8132174,-0.16933377,0.69134843,0.33102047,-0.15829134,-0.013963178,0.19956374,0.8437098,-0.47902462,-0.5188977,-0.0866791,-0.7715318,0.25540966,-0.71120965,-0.63999057,0.20494488,-0.21551725,0.5125742,-0.18906772,-0.42919505,-0.2920642,-0.10145301
Stochastic,0.01669091,-0.7034714,-0.4407517,-0.16931438,2.991645,1.3871062,-0.17876917,-0.20131879,-0.4916529,-0.6731222,0.10033697,-0.334931,0.26847488,-0.07322708,-0.37429798,0.53701246,-0.035701424,2.1015055,-0.121183306,-0.1306001,-0.4347832,-0.98883176,-0.57075745,0.09567574,-1.0508515,0.020864397,1.1637907,-0.35757613,-0.06394395,-0.7624332,0.16065782,-0.4324937,-0.25021094,-0.09844993,0.23778665,-0.05394323,0.24672043,-0.024699658,-0.26247635,0.8632052,1.5621535,-0.17389798,-0.19878061,-0.6668352,1.7311416,-0.78286874,0.43109065,-0.1743093,0.009962676,-0.124623716,1.5975521,-0.54124045,-0.10528861,2.0053678,-0.5735273,1.1953633,-0.1237362,-0.478325,1.1825261,-0.23783627,-0.8233437,-0.3156267,-0.4647656,3.9559703,-0.29480505,-0.0052039623,0.6230749,-0.14502695,-0.49122715,-0.48758867,-0.66114324,-0.5172,-0.090622485,2.610026,2.5658765,0.85158867,-0.4613374,1.4252367,0.2747553,-0.5143653,0.83447933,-0.15790316,-0.19910723,-0.13860708,-0.15580896,-0.54743415,-0.5778788,1.4761933,-0.25674558,-0.49234372,-0.32752603,0.85811925,-0.73146796,-0.19716156,-0.5400033,-0.5792672,2.5188904,0.06734431,-0.48993686,-0.40104812,-0.18034038,1.3225427,-0.3164615,-0.9204206,0.2403071,0.087848336,-0.5239857,-0.14288884,1.6811512,-0.1752674,0.1927881,0.009987503,0.1123507,1.2505748,0.07322657,-0.6118103,-0.1825757,-0.75332266,0.6826542,-0.41876793,-0.73000944,0.16883902,-0.12833354,-0.031193197,-0.20110397,0.3679009,-0.27060005,-0.10904787
BeepBoop,0.02391851,-0.0711385,-0.2539097,-0.14112426,1.2588753,1.37817,0.23796642,-0.23203015,-0.31460428,-0.57881504,1.1513258,-0.26727885,1.3055241,-0.0032913238,-0.48161513,0.24250433,0.13886547,1.0461951,-0.17123461,-0.38074267,-0.37947696,-0.7182343,-0.5178047,0.30945143,-0.9192697,0.07997899,-0.21157184,-0.3244286,0.042626232,-0.42516947,0.12692025,-0.26869172,-0.46445408,0.001233235,0.2626691,0.40144128,-0.071140766,-0.17586029,-0.560117,0.7415181,6.945797,-0.4463548,-0.17515749,-0.5366617,0.9906018,-0.5836806,0.0122514665,-0.1607489,0.042012274,-0.5956281,1.3447468,-0.59633374,0.45980114,1.6927129,-0.51273584,0.7872092,-0.24063888,-0.65421194,0.3437575,-0.44121885,-0.5547657,-0.17962986,-0.36250043,1.1222599,-0.107380345,0.21167871,0.0076900423,-0.14723781,-0.35775557,0.3131191,-0.4419049,-0.09279561,-0.3008246,0.738858,2.8548636,1.2526636,-0.2958848,0.29417557,-0.35142255,-0.350441,0.13066918,-0.2960276,-0.1783284,1.9708878,-0.13846253,-0.45295453,-0.39969495,2.7175412,-0.55084467,-0.3791373,-0.324499,-0.033089757,-0.43805325,-0.5120529,-0.62262815,-0.54019356,4.7115436,-0.14915428,-0.3142464,0.788942,0.03127128,-0.45536146,-0.3541839,-0.86154926,0.0703522,0.18801703,-0.61479646,-0.070038736,-0.3043381,-0.014253974,-0.096306324,0.3475209,-0.06681609,-0.06802027,-0.46131498,-0.4595856,-0.026899695,-0.7519081,0.9575465,-0.5851983,-0.6210245,0.2456682,-0.17120379,0.017591178,-0.1865318,-0.23767772,-0.5660453,-0.09985286
BeepBoop,0.0026564524,-0.4398028,-0.47701013,-0.16132277,2.2717466,1.6757351,0.33558428,-0.21543762,-0.1827431,-0.5611087,1.168344,-0.25422764,1.2964464,0.01818499,-0.41904905,0.6054584,0.079083085,0.91092134,-0.13585006,-0.19232708,-0.38365775,-0.92482287,-0.55702996,0.15597478,-0.9318195,0.06751375,0.3927713,-0.37148106,-0.083516955,-0.59094393,0.16880843,-0.2892921,-0.27823782,-0.05874832,0.20399623,-0.15539579,-0.105758905,-0.12472209,-0.44802895,-0.5635308,4.8318787,-0.30763984,-0.18340081,-0.60557777,0.92933583,-0.7806164,0.10847375,-0.053384364,0.034485906,-0.3228988,0.77874553,-0.53048956,0.19108647,3.7553096,-0.4807617,0.19284528,-0.2160589,-0.52859604,0.5053406,-0.15757543,-0.7513968,-0.25702477,-0.33881512,2.718008,-0.08880079,0.22149202,0.077649444,-0.12690282,-0.11275208,-0.5756571,-0.6212671,-0.4048946,-0.3226636,2.4127107,1.7968085,0.7505742,-0.35971636,0.85494876,-0.015575945,-0.41287342,0.68893987,0.02905631,-0.18557918,0.78838634,-0.14451557,-0.4859233,-0.561288,2.3889647,-0.5354243,-0.42172742,-0.34790936,0.3467555,-0.72612166,-0.22572142,-0.48211318,-0.4897589,3.8667598,0.28654572,-0.44728053,-0.2953925,-0.1960721,-0.49047437,-0.35509947,-0.9156987,0.44318366,0.16852771,-0.7556539,-0.118489236,1.0044891,0.24538541,-0.18613815,0.29074776,0.22368407,0.23276913,-0.60576427,-0.5638067,-0.08227563,-0.7912571,0.4750914,-0.7117445,-0.6590548,0.23455769,-0.108730495,0.9151064,-0.19161679,-0.5457761,-0.29124436,-0.10306147
BeepBoop,0.026212387,-0.50009555,-0.41669944,-0.16600592,2.1789863,1.2739923,0.070478335,-0.17962302,-0.15941685,-0.6168139,1.0627989,-0.4313919,0.48114878,0.021447629,-0.4597885,0.39918086,0.06965676,1.2902356,-0.13617122,-0.14649025,-0.38432086,-0.9623326,-0.5542357,0.18189546,-0.9781441,0.048459157,0.34430337,-0.31361032,-0.05095318,-0.6554898,0.16141644,-0.37753475,-0.24216855,-0.07142852,0.22014284,-0.21159793,-0.0073632,-0.19226164,-0.49447095,-0.6588365,4.120709,-0.3074172,-0.19241351,-0.6548476,1.7626274,-0.5484002,0.078588575,-0.092062384,0.028579459,-0.5180836,1.6648808,-0.5121944,0.12317708,4.1114182,-0.5045574,0.39907163,-0.21982335,-0.5536311,0.41587925,-0.0054289103,-0.7935583,-0.28576422,-0.35199702,2.7724216,-0.20729312,0.17208588,-0.07258567,-0.119298935,0.3054642,-0.40670097,-0.6656339,0.1303243,-0.34654096,2.5353358,1.2163291,1.54203,-0.37139043,0.9285446,-0.027407587,-0.45176244,0.7403526,-0.038529605,-0.19350673,1.4268482,-0.1511336,-0.5219691,-0.5904958,2.3403437,-0.6071546,-0.45221716,-0.33155546,0.9183456,-0.7678361,-0.2513097,-0.49633062,-0.42466408,3.5639217,0.079894096,-0.47227752,0.30650985,-0.14202815,-0.5288647,-0.35558632,-0.9379251,0.23954773,0.20880522,-0.6871133,-0.10313541,0.5788199,0.31361783,-0.217037,-0.016412854,0.371145,0.6481683,-0.547607,-0.59654087,-0.05213809,-0.773997,0.76830286,-0.5349666,-0.7006348,0.23586789,-0.14083491,0.8583473,-0.19717637,-0.4864264,-0.237227,-0.10656955
MACDKeyLevel,0.090250015,-0.6494727,-0.3428246,-0.1343992,-0.49192816,1.0738649,-0.16177905,-0.24958783,-0.016794682,-0.4608659,1.4054826,-0.38101184,-0.34054607,1.1496545,-0.5068398,1.143461,0.2266904,2.417141,0.18298194,-0.24157429,2.7099094,-0.34088022,-0.365661,0.19274655,-0.99448115,0.21856521,0.051622808,-0.092731625,-0.25218514,-0.35015374,0.23688158,-0.38699237,-0.47577405,-0.013975918,0.4144137,0.75400853,-0.20243272,-0.17768142,-0.6029075,2.111539,2.3885765,0.20496857,-0.18484001,-0.42614743,0.565814,-0.8730023,-0.22458315,-0.23403361,0.06652993,-0.72779745,0.8971677,-0.49987635,0.0410161,-0.6487711,-0.69014436,3.0003853,-0.30523646,-0.6271496,-0.741577,-0.6769321,-0.6427754,-0.113643944,-0.3087153,-0.4883623,-0.2927526,0.966033,-0.23034708,-0.15380573,0.204036,5.0776844,-0.43129152,1.3042696,-0.32647645,-0.1650906,0.26669592,2.657721,-0.39981407,0.98646533,-0.69204134,-0.4700783,-0.31435898,0.073733896,-0.18684511,0.73199797,-0.14557238,-0.40224132,0.26526362,1.4784241,-0.58244073,-0.45215812,-0.10524419,-0.12700099,-0.54937017,0.56727666,-0.6342883,-0.48342234,2.3436968,-0.21378492,-0.23723012,2.222516,0.05698341,-0.4966049,0.44206005,-0.80878925,-0.64419955,0.22802752,-0.9099769,-0.22516353,0.040275127,0.051279664,-0.07753965,0.036450624,-1.1001453,-0.24104634,-0.40162253,-0.41509157,-0.1057989,1.6464208,0.5858811,-0.24866486,-0.66569465,0.1256534,-0.26210427,-0.27654862,-0.19250457,0.041948378,-0.6020672,-0.10362166
Supertrend,0.11020894,-0.6734711,0.25873506,-0.11532807,-0.45720142,1.1343675,0.006857857,-0.2648564,-0.080856144,-0.65108377,0.722515,-0.08815473,-0.00047937036,0.2748398,-0.38421616,0.9226124,0.24590138,3.7736816,-0.16586147,-0.2364831,-0.31887007,-0.40907162,-0.25777203,0.1781382,-1.0414118,0.34972292,0.16475445,-0.1339078,-0.08105743,-0.35575476,0.06605086,-0.38333955,-0.6129047,-0.059373945,0.42867333,0.35511792,0.2733473,-0.16338591,-0.5575526,-0.7630814,5.379093,-0.11827642,-0.1932602,-0.37563202,1.2622694,-0.14544672,-0.25061363,-0.28091532,0.088350974,-0.65573096,1.1631794,-0.6558445,-0.036648884,-0.36156252,-0.7223404,3.0820327,-0.33753282,-0.5957458,-0.7735598,-0.53002155,-0.3866097,-0.24398845,-0.18476549,-0.53883773,-0.2821658,1.5067619,-0.14085773,-0.124405265,-0.0024093986,5.4136624,-0.09118116,0.40864748,-0.3487841,-0.14865576,0.548617,2.3830683,-0.31333768,1.2846828,-0.49151307,-0.49682778,0.16031986,0.0030246377,-0.19425146,0.9174117,-0.15175532,-0.4460859,0.14079571,1.4507685,-0.60991746,-0.4858217,-0.07205871,0.07265496,-0.22082102,0.4924335,-0.54459524,-0.40373057,3.6281242,-0.18553635,-0.2802256,1.6802338,0.4070469,-0.5324711,-0.39496696,-0.8447045,-0.2848938,0.31065917,-1.0308292,-0.02497086,-0.10339177,-0.2909031,0.16558924,-0.018059224,-0.59808826,-0.23259993,0.51253194,-0.51872975,0.024621934,1.1572518,1.1515487,-0.2732579,-0.7045409,0.19121794,0.12151572,-0.5555145,-0.19769862,-0.1896644,-0.6333928,-0.106899105
BeepBoop,0.015593141,-0.25686446,-0.38230583,-0.16077507,2.7212546,0.86275464,0.29249963,-0.2294084,-0.23610474,-0.6075156,0.94689775,-0.29059234,0.54071116,0.01682277,-0.4699586,0.44968903,0.051789656,0.7645937,-0.1423764,-0.13017234,-0.3604941,-0.9204361,-0.54402924,0.14593133,-0.9740886,-0.021398,-0.022028267,-0.32451093,-0.031511843,-0.66017115,0.16239703,-0.3525148,-0.08578792,-0.05528304,0.25856984,-0.16597173,-0.08764672,-0.18594435,-0.43137088,-0.63684535,3.4392166,-0.30917054,-0.18234672,-0.6675976,1.670583,-0.5421647,0.0482319,-0.045397818,0.039188635,-0.37633044,1.0531354,-0.47977948,0.21295843,4.0285006,-0.53448814,0.43246448,-0.20617768,-0.32208565,0.07247692,-0.14970505,-0.72523326,-0.2722693,-0.31564412,3.2369323,-0.24042314,0.4147432,-0.12709293,-0.13174033,0.4285444,-0.30373067,-0.6278478,0.18943882,-0.31987107,2.3795211,1.8779511,1.7824421,-0.45358428,0.911572,0.17957574,-0.40789482,0.63324296,0.07797611,-0.18349034,0.94404626,-0.14374156,-0.48170757,-0.5422596,2.6194708,-0.5743047,-0.4141171,-0.30715296,0.9428352,-0.7410704,-0.26020032,-0.5282734,-0.48408628,3.0892923,-0.10576832,-0.444357,0.2907342,-0.055617392,-0.48598453,-0.30553377,-0.8705568,0.22050846,0.20642433,-0.836694,-0.14878742,0.09581187,0.2729802,-0.16799778,-0.032388583,0.16455138,0.8109958,-0.48525882,-0.5110202,-0.08213264,-0.7862256,0.5240052,-0.75329053,-0.65419185,0.21933277,-0.2370745,0.62148637,-0.19096656,-0.42136616,-0.23260432,-0.10265118
BeepBoop,0.017832384,-0.39518586,-0.49208283,-0.15747795,2.1614108,0.9036437,0.38236588,-0.21341686,-0.13858801,-0.54570603,1.1690986,-0.29262698,1.1812778,0.019010544,-0.4345528,0.3317463,0.02565217,0.12640011,-0.14993852,-0.12535885,-0.35146853,-0.69479895,-0.5279505,0.14034864,-0.89913964,0.023667276,1.0345697,-0.37749988,0.14567962,-0.5860299,0.16339642,-0.3052712,-0.14091745,0.013242587,0.14291824,-0.19254382,-0.22231947,-0.07518317,-0.46265638,-0.5189632,5.3518276,-0.2651211,-0.17600144,-0.63000894,0.05222544,-0.6946292,0.14809647,-0.15712059,0.04270578,-0.42948732,0.80654407,-0.5204992,0.30442107,3.9149053,-0.5326927,-0.0945867,-0.22472656,-0.399276,1.3063073,-0.19222412,-0.7167825,-0.24071062,-0.38322484,2.3411381,-0.10384971,0.118499726,-0.12197125,-0.13415885,0.4935134,-0.37643024,-0.6397053,-0.4221358,-0.3030605,2.1738932,1.832056,0.49474347,-0.3546866,0.7976719,-0.22263384,-0.3918235,0.4582696,0.13176224,-0.17907073,0.9121525,-0.13908225,-0.45632994,-0.5369227,2.316598,-0.30244672,-0.41682187,-0.4149389,0.35494834,-0.5525856,-0.29590207,-0.41903898,-0.30458337,4.391989,0.34308392,-0.42675823,-0.23531963,-0.28960884,-0.3901708,-0.3347987,-0.88307154,0.3168363,0.11216076,-0.6732636,-0.09703812,0.968832,0.15642941,-0.21428108,0.06380764,0.054543138,0.8530901,-0.57653385,-0.52167666,-0.07456118,-0.75593674,0.5648177,-0.6321711,-0.6249181,0.21806675,-0.19976729,0.9767532,-0.18705241,-0.53562,-0.27965716,-0.10018136
Supertrend,0.06823142,0.1707499,-0.053203464,-0.12991823,-0.42751044,1.0839713,0.2842174,-0.27543947,0.3582685,-0.4221232,0.8399706,-0.19002414,2.0174189,0.08729875,-0.53740436,0.14374796,0.18135911,1.9221607,0.20155379,-0.20061395,1.973068,-0.73193115,-0.4666919,0.04013051,-1.0739406,0.18862619,-0.21955591,-0.31641936,-0.03914222,-0.66775477,0.17132837,-0.2528219,-0.5986082,-0.057263047,0.38168207,0.6151004,-0.43049523,-0.17359418,-0.60824263,0.70103323,5.358773,-0.71159637,-0.19909646,-0.28192282,0.49231207,-0.9302235,-0.26865613,-0.085291475,0.034726534,-0.7647344,-0.33141834,-0.69317085,-0.2563659,1.8604572,-0.46354225,2.3881235,-0.25252867,-0.11216289,-0.6949702,-0.6261525,-0.6005014,-0.25020787,-0.25871715,0.66764516,-0.31322724,1.6131516,-0.11395717,-0.21429253,1.0428233,4.1848655,0.9033337,-0.17783564,-0.36424607,-0.19410212,0.7884783,2.495913,-0.28473645,0.23378128,-0.11651307,-0.45714983,-0.074495524,-0.0989635,-0.19938502,0.9317993,-0.15604088,-0.44747055,0.07632375,1.2316425,-0.6289625,-0.4772187,-0.10257128,0.71702826,-0.65683055,0.930266,-0.41429064,-0.6128019,3.9938626,-0.43509284,-0.22747546,-0.43137446,0.18596238,-0.007987738,-0.33641297,1.7564635,-0.13775492,0.31628793,-0.5397078,-0.13133669,-0.080439836,-0.3942408,-0.38149688,0.26136854,-1.2417154,-0.25585034,-0.082811,-0.41183895,0.08921227,-0.39010262,1.0703218,-0.87530917,-0.7314664,0.2042665,-0.20861216,-0.2721628,-0.20129879,-0.26778278,-0.65510553,-0.1091708
BeepBoop,0.0055208057,-0.57434696,-0.17058557,-0.16760297,2.153752,1.2149357,0.2835614,-0.2660824,-0.4117876,-0.6599737,1.0554272,-0.23992544,0.43693274,0.007688448,-0.46465775,0.6472933,0.09622154,2.0682478,-0.13805568,-0.20699748,-0.4017542,-0.793357,-0.5702504,0.16757524,-1.0522419,0.061808065,-0.2388381,-0.29157013,-0.11218569,-0.6695503,0.17355323,-0.3197853,-0.32877982,-0.071501836,0.32176834,0.1485713,-0.03566727,-0.22959362,-0.44806814,0.1199922,3.060059,-0.30097598,-0.19548702,-0.5863765,2.4752686,-0.745187,-0.06008582,-0.076146334,0.02774357,-0.36884218,1.3603572,-0.55638313,0.12343839,3.1372607,-0.5739946,1.5188318,-0.22841887,-0.50586987,-0.23570073,-0.19024974,-0.6959815,-0.32414708,-0.30960274,3.584075,-0.22445734,1.1053073,-0.09963077,-0.14035563,-0.015275896,-0.24169964,-0.6391726,0.38488442,-0.35468367,1.7342113,2.1949878,1.667774,-0.4033165,0.8123622,0.18385673,-0.48185375,0.618087,0.0653556,-0.19621018,0.5996529,-0.15339048,-0.5326027,-0.5241307,2.5485294,-0.61718416,-0.47956803,-0.24239185,0.30013752,-0.55789906,-0.3391531,-0.5858354,-0.55284864,3.0487587,-0.20004636,-0.43469942,0.7017604,0.030490816,-0.5415226,-0.35159498,-0.9326887,0.03706622,0.24307968,-0.895552,-0.10140228,-0.19078699,0.46588218,-0.20461912,0.029603511,0.21077216,0.3064109,-0.08053583,-0.60118514,-0.05826211,-0.84894997,0.68806326,-0.7536684,-0.7148144,0.23807804,-0.21107027,-0.14819008,-0.19883746,-0.33249414,-0.40336335,-0.107765876
SqueezePro,0.018583387,-0.6311085,-0.3204737,-0.1177416,-0.47711885,0.8469117,-0.15600096,-0.24099082,-0.2522041,-0.5985424,0.90505385,-0.49827087,-0.32868087,1.4069701,-0.04735315,1.0802417,0.18557619,1.8770185,0.14636397,-0.364792,3.383821,-0.3846028,-0.2621252,0.14297423,-0.93283325,0.06339541,0.11304098,-0.22705184,0.54316187,-0.38463336,0.116604775,-0.058430463,-0.32114735,-0.088200405,0.33874232,0.56918585,-0.27197617,-0.20166366,-0.58509374,3.0027113,3.1277926,-0.01677978,-0.180099,-0.40970004,0.95459557,-0.8171552,-0.18993367,-0.3028609,0.0417929,-0.8207661,0.99919546,-0.39860284,0.3601575,-0.6286646,-0.6912694,3.0033205,-0.32048592,-0.6787515,-0.03456402,-0.41179308,-0.6122688,-0.22793107,-0.34352973,-0.21162108,-0.21839345,1.4800851,-0.3149854,-0.16155314,-0.31407273,1.5113406,-0.6892339,2.6567378,-0.3139162,0.10440689,-0.30895284,2.071013,-0.39529687,1.2606695,-0.6853526,-0.45501703,-0.40599844,0.46277443,-0.18267494,0.95157003,-0.14209108,-0.38359186,-0.12150857,1.230078,-0.56696993,0.022781849,-0.017905265,-0.020409524,-0.5944795,-0.48476702,-0.6451814,-0.426253,2.4910345,-0.11759141,0.4153399,3.881183,-0.25953555,-0.4764102,-0.03304091,-0.9011397,-0.9296018,0.18187746,-0.99880886,-0.12357198,-0.055129975,0.52685463,-0.3132955,0.32526377,-0.9250854,-0.16452566,-0.37752724,-0.5518146,-0.25999942,0.700901,-0.43751895,0.23184234,-0.6438221,0.18170172,-0.3301146,-0.42999008,-0.188732,-0.1730234,-0.5176162,-0.10177629
BeepBoop,0.089576036,-0.5537358,0.20800322,-0.11212346,-0.4843927,1.1479992,-0.1584753,0.008204088,0.06429502,-0.60664725,1.0863551,-0.280181,-0.33376178,1.6996297,-0.32396019,1.1799183,0.1676106,2.7748885,0.59624696,-0.38681877,2.140463,-0.40894365,-0.2379725,0.11549978,-0.93427753,0.12910393,0.06528741,-0.18456629,-0.07260096,-0.33849525,0.039698094,-0.39851215,-0.43999144,-0.08355975,0.38151705,0.5860639,-0.27416837,-0.1426219,-0.592722,2.0239823,4.674247,-0.82305694,-0.18212922,-0.31548458,0.8230939,-0.4517809,-0.21620291,-0.32722643,0.07984624,-0.71179193,-0.5340178,-0.5885761,0.16332114,-0.4725693,-0.60076517,3.4946067,-0.3252203,-0.6888336,-0.7312805,-0.39220634,-0.4319307,-0.29501185,-0.19310072,-0.36972764,-0.28450906,2.0597034,-0.40907496,-0.14555867,0.301206,3.6490526,-0.02043736,1.8210654,-0.3192948,-0.047720224,-0.47780475,1.4818788,-0.29040846,0.5893069,-0.63286316,-0.4224854,-0.41223395,-0.03071189,-0.1844607,1.6155885,-0.14358185,-0.32541558,0.076806486,1.0265442,-0.54490703,-0.4413206,-0.15589425,-0.9211638,-0.0787487,0.56006724,-0.7055269,-0.4042131,3.136018,-0.17551766,-0.22523186,1.1347717,0.16387206,-0.48505807,0.49786067,-0.8441656,-0.66553307,0.31095108,-1.0051408,0.008320868,-0.043149114,-0.21336275,-0.2121661,0.06281194,-0.9014797,-0.2229008,0.26375437,-0.49558753,-0.04833004,-0.18098432,0.7073372,-0.57938635,-0.6531884,0.21114576,-0.1978533,-0.52352524,-0.19083239,-0.083455265,-0.59198225,-0.10256652
BeepBoop,-0.0054476783,-0.45425606,-0.44545922,-0.15251386,2.3137138,1.7007859,0.37228197,-0.2313736,-0.19994833,-0.5696263,1.3313416,-0.26136175,1.0422456,0.013560683,-0.43149945,0.29751435,0.04276608,0.37556058,-0.14340797,-0.23681563,-0.37222722,-0.85717523,-0.5232109,0.3540702,-0.90961975,0.011748731,-0.22664917,-0.37434816,-0.10452163,-0.52475137,0.098214746,-0.3103388,-0.36610365,-0.04841487,0.2183795,0.09637469,-0.102467656,-0.15896769,-0.4702956,0.24217081,4.70287,-0.22084433,-0.17479542,-0.6480481,0.7682576,-0.7946239,0.15321082,-0.072472975,0.03898807,-0.22180527,0.9510615,-0.52182007,0.303752,3.7718759,-0.4111593,0.06378466,-0.19680671,-0.5938379,0.47679335,-0.26935947,-0.7111407,-0.24043359,-0.35932696,1.6120749,-0.07117987,0.09689692,0.12040487,-0.12360442,-0.3575666,-0.5733457,-0.57850593,-0.39153212,-0.29986534,2.30711,2.0521922,1.1207129,-0.4082623,0.48473066,-0.09703022,-0.39235067,0.4439351,-0.031090826,-0.17800991,1.8857758,-0.13819665,-0.45150644,-0.53340024,2.601414,-0.5496631,-0.37872335,-0.3406479,0.72694176,-0.6342693,-0.2688816,-0.57549113,-0.49848485,3.7107966,0.24928704,-0.42341328,0.23582527,-0.1535261,-0.45381925,-0.3364281,-0.8777536,0.048805773,0.11826478,-0.6094076,-0.10427013,-0.23500527,0.25702512,-0.17168365,0.27375814,0.11351943,-0.098479584,-0.5717696,-0.532552,-0.11650649,-0.75017977,1.3541596,-0.6971036,-0.619354,0.24361914,-0.1725219,0.9483996,-0.18630846,-0.41925186,-0.34508672,-0.09971193
BeepBoop,0.005383551,-0.46156946,-0.4933631,-0.16093731,2.1932359,1.2306254,0.21447735,-0.24563287,-0.23479216,-0.6055378,1.104047,-0.4059369,0.509396,0.0030374825,-0.48417136,0.44074762,0.06919859,0.69413453,-0.14475718,-0.22419637,-0.38187853,-0.778583,-0.5541146,0.1473814,-0.91596115,0.004205197,0.5526892,-0.36606646,0.001954019,-0.6023595,0.16805491,-0.34504718,-0.18961644,-0.0780778,0.21967494,-0.024033621,-0.1804875,-0.17835185,-0.49691737,0.46779943,4.8822823,-0.27740848,-0.18265897,-0.6697178,1.2356278,-0.70831585,0.12543997,-0.16981803,0.03602419,-0.50062716,1.696879,-0.49010944,0.408506,3.6648817,-0.51415706,0.49135977,-0.22746918,-0.49568018,0.80521923,-0.20741758,-0.74792653,-0.24906054,-0.40665948,2.742766,-0.12690793,0.070289224,0.053040057,-0.13608646,-0.0034840703,-0.49203318,-0.65217006,0.26606685,-0.32069832,2.4127743,1.7746364,1.1199663,-0.4176139,0.63873607,-0.15660381,-0.4043721,0.44987667,-0.09004882,-0.18492667,1.02746,-0.14397086,-0.48295635,-0.5588839,2.4055135,-0.5753236,-0.44152862,-0.4163558,0.51505756,-0.74797946,-0.3553896,-0.560604,-0.4586207,3.9944723,0.1450805,-0.44522303,0.5692667,-0.22087851,-0.48731455,-0.35614398,-0.91242766,0.15027094,0.13619483,-0.6711973,-0.09947342,0.110295445,0.29129207,-0.21764924,0.1908097,0.13482928,0.43586826,-0.59575963,-0.56111234,-0.13204534,-0.78771603,0.69433534,-0.50284153,-0.6556324,0.21380436,-0.24878529,0.87549514,-0.19115917,-0.41845894,-0.28806353,-0.10277271
BeepBoop,0.031004861,-0.61837476,-0.2550967,-0.16781385,1.9640982,1.326051,0.30740672,-0.2641221,-0.2675416,-0.6615938,1.515857,-0.18275413,0.26801026,0.029044837,-0.4299671,0.6295501,0.043118417,1.728925,-0.12894993,-0.16453683,-0.39912996,-0.73656195,-0.6061236,0.18728834,-1.0560852,0.030178353,-0.1136238,-0.31151953,-0.14320195,-0.6310753,0.11198905,-0.33718258,-0.38258666,-0.08943471,0.3058256,0.031300172,0.06600037,-0.2298986,-0.47166815,0.033376396,2.8451185,-0.062148094,-0.19589286,-0.64536494,1.7573174,-0.7226013,-0.10240865,-0.028067052,0.03243715,-0.28473324,1.2925107,-0.5532333,0.062725395,3.7185326,-0.5554161,0.9225525,-0.23717996,-0.5592752,-0.27974072,-0.18158877,-0.8098347,-0.32121336,-0.31741777,2.3452344,-0.2413638,0.5304906,-0.15249023,-0.105724916,-0.07018441,0.9650547,-0.6483366,-0.11995876,-0.35575876,1.8592361,1.9707646,2.3081813,-0.45200312,0.79871494,0.13998914,-0.48851728,0.6156349,0.14227107,-0.19656713,1.6778483,-0.15368849,-0.5358846,-0.53215927,2.7920208,-0.61850846,-0.47759938,-0.24324922,1.0415076,-0.69284356,-0.25025165,-0.56052065,-0.49509653,2.9883976,-0.20060483,-0.4470545,0.77725077,0.052208364,-0.54368526,-0.33628815,-0.9472246,-0.0009890795,0.2204941,-0.8679422,-0.0897865,-0.22142708,0.5950561,-0.17481174,-0.0026620626,0.28636467,0.09502807,-0.364426,-0.5859524,-0.056060463,-0.8508871,0.8054937,-0.7389498,-0.71668667,0.23874922,-0.17758307,0.07106483,-0.19932263,-0.28469753,-0.41375786,-0.107923836
BeepBoop,0.0124549195,-0.3600618,-0.40016884,-0.16625093,2.2053976,1.2155943,0.26665354,-0.22268856,-0.26417667,-0.6495861,1.0923166,-0.30806023,0.30408132,0.017453775,-0.45075938,0.74268985,0.0423429,1.6691172,-0.12737314,-0.15489429,-0.38378435,-0.9386578,-0.5943028,0.16751093,-1.0287125,0.022069663,-0.21672863,-0.34229589,-0.06484094,-0.64585906,0.11831084,-0.33324438,-0.28251225,-0.079926535,0.28539073,0.012323722,0.027077794,-0.22467394,-0.42548296,0.23823011,3.5170946,-0.2612002,-0.19288501,-0.6630446,1.8994206,-0.7295823,-0.018343866,-0.061520845,0.033422858,-0.29518056,1.1508951,-0.5225822,0.18204048,3.552626,-0.5431138,0.9574091,-0.22596696,-0.46132684,0.100596786,-0.13181674,-0.79125804,-0.3023005,-0.33638427,2.9576006,-0.24367195,0.52304864,-0.25035942,-0.12051076,-0.13968512,-0.3273397,-0.6698959,0.23400235,-0.34779012,2.1711822,1.792743,2.0564234,-0.45630574,0.83052135,0.13115358,-0.47636956,0.5652169,0.06028536,-0.19392146,1.1640638,-0.15147983,-0.523855,-0.58431464,2.689766,-0.6086933,-0.4843218,-0.29378128,0.7729931,-0.7026981,-0.234759,-0.564973,-0.5164575,3.2979739,-0.19280261,-0.43890876,0.6311717,0.023940444,-0.5308731,-0.32849944,-0.9362291,0.10902333,0.2117352,-0.90303427,-0.09251511,-0.21006837,0.53353536,-0.17018291,0.033263326,0.2330538,0.47544175,-0.14951506,-0.5882601,-0.07667145,-0.83652943,0.6715917,-0.73320246,-0.7028101,0.23414782,-0.17884728,0.34768957,-0.19580536,-0.3371431,-0.3863697,-0.10675308
BeepBoop,0.0057801157,-0.4605077,-0.47272456,-0.16114442,2.1261919,1.4536687,0.31749627,-0.16772519,-0.10692009,-0.55454355,1.1361887,-0.30559486,1.2815849,0.035634235,-0.41822654,0.6611425,0.052643582,0.87077147,-0.13147764,-0.13385594,-0.36502242,-0.9233944,-0.555681,0.15814933,-0.9594958,0.059241727,0.6221635,-0.39460805,-0.059783936,-0.5809226,0.14130509,-0.28679517,-0.22758394,-0.065081835,0.16611634,-0.20073585,-0.062384218,-0.11652729,-0.42628843,-0.6277539,5.0989313,-0.2607575,-0.18305755,-0.654038,0.52456367,-0.7760439,0.097961724,-0.04498771,0.038821775,-0.35008162,0.705053,-0.52047086,0.16061404,3.8484466,-0.4783647,0.20524317,-0.21130902,-0.46905148,0.7179126,-0.10906875,-0.7497911,-0.25833052,-0.380113,2.434155,-0.10754952,0.2193372,-0.2999434,-0.12152588,0.049198687,-0.3531024,-0.658257,-0.42256442,-0.32175422,2.4408195,1.8146515,0.93819076,-0.34866244,0.9081296,-0.06865162,-0.42277306,0.6162527,0.0696508,-0.18527725,0.9979104,-0.14426352,-0.4845504,-0.5601756,2.4490793,-0.51777756,-0.42542824,-0.38214895,0.2948904,-0.75051665,-0.20604956,-0.44522303,-0.45500422,3.8906586,0.09301758,-0.44632846,-0.27321312,-0.18358439,-0.4890123,-0.343679,-0.9141851,0.4664433,0.16983506,-0.77869654,-0.093194455,1.0534027,0.3393016,-0.21942002,0.11992329,0.17981768,0.6235553,-0.50850916,-0.56255996,-0.065415055,-0.78961855,0.6950547,-0.77150506,-0.65747124,0.24342123,-0.09721717,0.9430624,-0.18989429,-0.5337407,-0.28571424,-0.10292786
Stochastic,0.015493348,-0.64584154,-0.15056849,-0.17037818,1.6312591,0.9054699,0.24544376,-0.19448352,-0.5123819,-0.69766945,0.37156793,-0.25238138,1.7549582,-0.076866224,-0.4719695,0.05577877,0.12878186,2.827161,-0.14498405,-0.19704205,-0.42470622,-0.9271788,-0.57473296,0.11354184,-1.1064516,0.117201135,0.84208506,-0.35619873,-0.07632938,-0.6843332,0.29026926,-0.35733038,-0.31194738,-0.045194134,0.30515328,0.37608588,0.037922263,-0.04314302,-0.42205846,1.1288126,3.3026962,-0.26060814,-0.2049295,-0.6095506,1.508244,-0.85385334,0.2551813,-0.14432505,0.021482784,-0.4706027,1.4239858,-0.71016055,-0.013948888,1.8147258,-0.62476885,1.8052082,-0.28497076,-0.53515553,0.09594971,-0.51703644,-0.6019458,-0.2726763,-0.42418632,4.316558,-0.19905548,1.1688768,0.5657196,-0.16264683,0.11803681,-0.77351284,-0.6281462,-0.48973355,-0.3796996,1.3279256,2.9471595,0.72403395,-0.29817495,1.2785461,0.29098427,-0.4851873,0.8074581,-0.26673204,-0.20451574,-0.22536272,-0.16032407,-0.022197783,-0.3336954,1.7301202,-0.6479969,-0.53247523,-0.22574922,-0.97062904,-0.59657645,-0.5106882,-0.27199244,-0.6091719,3.3309186,0.10308874,-0.49508473,-0.55495137,0.05974734,0.617972,-0.4212564,-1.010108,0.66041493,0.18474936,-0.3508008,-0.20262213,1.6902033,-0.00851053,-0.008602619,-0.011574686,-0.20142913,0.213664,0.2091552,-0.57999223,0.0043150485,-0.894023,0.94274426,-0.7833202,-0.75837713,0.159872,-0.19784582,-0.42462873,-0.20489696,-0.33001912,-0.5050722,-0.11144124
Supertrend,0.10016698,-0.07738185,0.08523786,-0.14816576,-0.4441415,1.1529285,0.24872816,-0.24372055,0.10241765,-0.41046035,1.3161521,-0.03210166,1.624963,0.6466042,-0.45848486,1.2947338,0.23090105,1.8672491,0.4169659,-0.35026175,1.1953517,-0.29894805,-0.5096254,0.12723488,-0.914246,0.2755289,-0.017526627,-0.22661857,0.42955634,-0.49734098,0.15426132,-0.19884601,-0.55336946,-0.04278305,0.3512549,0.56650877,-0.39634562,-0.14276932,-0.58869547,1.0661526,7.550298,-0.8317698,-0.18160439,-0.20835704,0.09052229,-0.5643764,-0.21458042,-0.28605613,0.048508476,-0.62741625,-0.63506234,-0.5968635,0.06886405,0.17726314,-0.6792085,2.5344317,-0.24208847,-0.6721602,-0.6507789,-0.50671625,-0.4559481,-0.23217976,-0.06934142,1.1014812,-0.28291297,1.3373011,-0.4363913,-0.17693685,0.47375315,2.9627357,0.46030313,0.15723038,-0.31790435,-0.10890031,0.888899,1.4233788,-0.2295393,0.17868978,-0.5569365,-0.37945226,-0.21057439,-0.15628187,-0.18399905,0.3531547,-0.14319646,-0.386975,0.022224665,1.3167137,-0.5718822,-0.43922222,-0.17314565,-0.81822187,-0.624173,0.77705264,-0.5821371,-0.50059533,4.9813294,-0.32883754,-0.22521862,-0.25599587,0.14711362,-0.4828224,-0.14380226,-0.09213871,0.06498158,0.28546318,-1.0035039,-0.13963492,-0.23139931,-0.35033274,-0.26562846,0.33474195,-1.0500358,-0.14784913,-0.21507129,-0.40671057,0.061492056,-0.78268194,0.9175046,-0.7289461,-0.650767,0.21147265,-0.12619655,-0.2564133,-0.19050863,-0.13658857,-0.59002966,-0.10236224
BeepBoop,0.004869677,-0.4928413,-0.48245016,-0.15729225,2.4045277,1.4684122,0.13516408,-0.24298592,-0.28906757,-0.60293484,1.0242496,-0.4080418,0.5768023,-0.0039186478,-0.4900989,0.22826564,0.06294444,0.59173024,-0.13689587,-0.27782017,-0.39086893,-0.906203,-0.5483779,0.23074645,-0.9329169,0.0025895163,0.054945588,-0.39094394,-0.053756744,-0.57680136,0.14689174,-0.3590284,-0.27322477,-0.06421949,0.24060103,0.2093091,-0.14524256,-0.15558621,-0.49129012,1.0695158,4.473621,-0.20106918,-0.18119928,-0.6642713,1.413174,-0.7706678,0.18456593,-0.14322178,0.031319797,-0.4129278,1.8712995,-0.48207933,0.44749138,3.4869885,-0.44016215,0.58830905,-0.17055152,-0.56711066,0.5987953,-0.302372,-0.741098,-0.16956112,-0.42408812,2.303764,-0.114210516,0.0596579,0.2513752,-0.13979745,-0.37295994,-0.5927665,-0.60861206,-0.14070389,-0.3168311,2.329843,2.0202727,1.2658176,-0.42589712,0.4691828,-0.09012127,-0.41202876,0.4071896,-0.121156424,-0.18364272,1.5409577,-0.14289899,-0.470608,-0.5499435,2.4429536,-0.5705602,-0.42192322,-0.37517312,0.6998435,-0.630605,-0.36877093,-0.5596411,-0.5154984,3.7213693,0.20261931,-0.4411745,1.02883,-0.19551623,-0.48109686,-0.34995338,-0.9059912,-0.022992909,0.10647692,-0.5220877,-0.12591422,-0.35327446,0.17908984,-0.19766548,0.21674183,0.06914806,-0.089138135,-0.5970674,-0.55581075,-0.16389877,-0.7807482,1.0635687,-0.469798,-0.64889807,0.21549925,-0.2681288,0.77979076,-0.19025874,-0.37898684,-0.28083733,-0.102204554
BeepBoop,-0.007562384,-0.4248678,-0.51017326,-0.15271704,2.461238,1.3471799,0.16295248,-0.24029642,-0.258603,-0.5970136,0.90269864,-0.4583815,0.55835575,-0.016520247,-0.49349108,0.19604596,0.06446262,0.6304115,-0.14739627,-0.28374004,-0.3798332,-0.8510366,-0.5425491,0.17963988,-0.91238594,-0.012610845,0.22169256,-0.4017619,-0.048661977,-0.57885665,0.14524421,-0.34366673,-0.22519892,-0.054271936,0.22208717,0.17446934,-0.20391285,-0.16479982,-0.5146582,1.3452823,4.961735,-0.34905565,-0.17971608,-0.62511045,1.5611517,-0.79225767,0.2107034,-0.16182928,0.031465475,-0.5076061,1.5980394,-0.49039903,0.4883564,3.069899,-0.44646704,0.7793965,-0.16368242,-0.5334014,0.88592565,-0.30949745,-0.7339464,-0.12323515,-0.42225116,2.4343586,-0.1286811,0.16373304,0.16327974,-0.16069165,-0.3788612,-0.52452767,-0.629635,0.15103298,-0.31290168,2.2296426,2.1613145,1.1659459,-0.43255386,0.39324826,-0.19208205,-0.3988084,0.28038687,-0.2258979,-0.18233812,1.2851454,-0.14180988,-0.4704888,-0.5493468,2.3828611,-0.56572026,-0.4081629,-0.36808056,0.40960085,-0.57517767,-0.41884238,-0.56905454,-0.5211545,3.951448,0.10245991,-0.41844666,0.93583405,-0.17963785,-0.4747791,-0.35764626,-0.8994511,-0.06024772,0.112689584,-0.58732855,-0.088659406,-0.35645363,0.08699936,-0.26576352,0.32079244,-0.06951082,0.08947283,-0.48061156,-0.55042386,-0.15527079,-0.7736683,1.1733928,-0.49443957,-0.64205545,0.2334653,-0.2724244,0.90255016,-0.18934382,-0.35787433,-0.32899985,-0.10162723
BeepBoop,0.03193613,-0.4464311,-0.45002034,-0.1620849,1.1340214,0.40939617,0.5693609,-0.18423864,-0.20168683,-0.617579,1.1977262,-0.30623472,1.8030307,0.006572023,-0.46873182,0.013585687,0.09077099,0.30625594,-0.15290385,-0.15207815,-0.35329926,-0.59316766,-0.4960435,0.1868456,-0.9946345,0.067043826,0.455535,-0.34289634,0.1345562,-0.54915476,0.2688358,-0.34331316,-0.22781986,-0.028394297,0.1955238,-0.20283718,-0.28198284,-0.10667811,-0.53198326,-0.5968567,4.502906,0.03447646,-0.18486752,-0.68459576,0.5849618,-0.7450515,0.070469886,-0.1869077,0.046335094,-0.6471653,0.8458721,-0.6018608,0.17468846,4.1885624,-0.5316527,-0.2001392,-0.25585973,-0.41751486,0.41995543,-0.28989404,-0.73637885,-0.2607656,-0.4403124,2.5599978,-0.06201704,0.13545093,-0.1588228,-0.1185413,1.3524522,-0.23180479,-0.64842564,-0.44190824,-0.32654938,1.6380717,2.0788326,1.0154736,-0.2520124,0.8004501,0.022796035,-0.42514506,0.712957,0.4362153,-0.1868693,1.4441139,-0.1455926,-0.13446471,-0.50255996,2.4362628,-0.5825305,-0.45226812,-0.30876586,0.6631111,-0.6061001,-0.38205567,-0.25663275,0.21230823,3.9642146,0.7200141,-0.4513485,-0.3297978,-0.17208612,-0.38791913,-0.37605935,-0.92216617,0.45008945,0.12164061,-0.3464455,-0.23174638,1.3992972,0.55670273,-0.15464172,-0.080412254,-0.18230426,0.2880547,-0.6115584,-0.50583744,0.048873663,-0.7982584,0.39765936,-0.7462228,-0.66582155,0.19788893,-0.23960604,-0.19176811,-0.19252154,-0.518277,-0.3690591,-0.10363236
BollingerBands,0.029001683,0.43810797,-0.2652089,-0.12455484,-0.49156398,1.0635066,-0.16161938,-0.24935026,0.21071863,-0.6169461,1.2770789,-0.51493907,-0.34021816,1.0468352,-0.5064985,1.2791471,0.07642059,1.4898978,-0.1492931,-0.23840672,1.9346402,0.041957498,-0.33450887,0.22751793,-0.957426,-0.03215088,0.003217578,-0.26200598,-0.11462313,-0.47986108,0.028970897,-0.43254375,-0.31892025,-0.08712874,0.35646257,0.42014432,-0.40240675,-0.18825182,-0.57256424,2.001107,3.420351,-0.23343003,-0.184709,-0.5884353,0.33173573,-0.85322326,-0.22417815,-0.13058247,0.05062742,-0.8279451,-0.6313914,-0.42953658,0.21316281,1.7206397,-0.5419132,2.6065888,-0.25618824,-0.44555873,-0.6729572,-0.27425748,-0.67013955,-0.20240647,-0.2392084,-0.32864425,-0.20761284,1.2903175,-0.43675083,-0.13215423,0.9092283,2.8628035,-0.6054867,3.0694094,-0.32612944,0.06949636,-0.48553842,2.6359675,-0.41259444,0.9239271,-0.69400364,-0.4696621,-0.35190877,0.5262126,-0.18672985,2.4431174,-0.14547618,-0.40380788,-0.23981014,1.7596143,-0.5820132,0.3097026,-0.22159134,0.63052714,-0.55669236,-0.5368948,-0.67380494,-0.44866472,2.2485988,-0.23256929,0.4470809,3.0264487,-0.0960781,-0.49604675,-0.19489852,-0.66208816,-0.920084,0.29566413,-0.76020133,-0.12682419,0.066663474,0.7062808,-0.36315924,0.39192086,-0.7332119,-0.22751996,-0.2833194,-0.56855804,-0.15187675,0.40453792,-0.12398285,-0.42748335,-0.6650902,0.25758666,-0.36812785,-0.4093643,-0.18864843,-0.29550853,-0.45429677,-0.10357066
Supertrend,0.08028655,-0.6495753,-0.47990146,-0.15787956,-0.14137939,0.90972346,-0.19200328,-0.23855141,0.15438592,-0.75483155,0.9658001,-0.36699492,1.9482036,0.071451396,-0.54638296,-0.07761592,0.27356437,3.1048744,-0.14077765,-0.12130922,-0.3325963,-1.0740148,-0.4871556,0.13154957,-1.1862578,0.32857287,-0.32733,-0.29960275,-0.37552285,-0.56700987,0.4005212,-0.37344706,-0.6934,0.060459882,0.39727885,0.6224623,-0.15359896,-0.21937256,-0.6958842,-0.88513863,2.6016173,0.112528324,-0.21924813,-0.5451555,1.8300934,-0.9123267,-0.09053028,-0.24457963,0.035657704,-0.90060186,-0.08776516,-0.7004159,-0.082425535,1.4095231,-0.5342375,2.2225533,-0.26195732,-0.25886834,-0.60715103,-0.4154305,-0.701197,-0.20199133,-0.32784802,1.4360545,-0.24924183,1.2220337,0.30459404,-0.18770732,0.7932955,4.041847,0.8223939,0.64555466,-0.4176339,0.11230764,1.7763016,2.8670604,-0.21115121,0.06518906,-0.13102639,-0.57938695,0.85873383,-0.03168294,-0.21711034,1.5580862,-0.17083822,-0.47975212,-0.064991,1.7764254,-0.6947215,-0.5815075,0.02779466,0.94647956,-0.63747954,0.84175736,-0.17113703,-0.4404657,2.647901,-0.2969249,-0.38789982,1.9306138,0.19108677,0.07276988,-0.4535144,-0.064537704,-0.05962789,0.29139358,-0.1779477,-0.21036799,-0.104531884,0.20982218,-0.17428684,-0.104215056,-0.80970246,-0.22107294,-0.21152955,-0.5015507,0.16467354,-0.65356183,0.8864242,-0.9433002,-0.8244359,0.20509177,-0.25143328,-0.3010572,-0.21372955,-0.11912924,-0.5830366,-0.11701458
BeepBoop,0.016757697,-0.36304334,-0.30742505,-0.16729864,1.7756109,1.0717899,0.44710168,-0.26783243,-0.23708653,-0.651431,1.3168981,-0.19949609,0.28098565,0.021551281,-0.4423634,0.8945583,0.07868126,1.5741463,-0.12507181,-0.14986247,-0.39573628,-0.8139637,-0.60222703,0.19598666,-1.0235857,0.024271429,-0.12389541,-0.33635527,-0.043610215,-0.6301636,0.13458005,-0.32451373,-0.23950914,-0.09367637,0.29029387,-0.060891956,-0.04116136,-0.22844867,-0.4786615,-0.008379281,3.3445058,-0.14627725,-0.19490135,-0.68599993,1.8035,-0.7236853,-0.19772062,-0.048171967,0.035634708,-0.34017855,1.1827,-0.5250123,0.2275671,3.8915172,-0.61116195,1.0479789,-0.22386047,-0.4930239,-0.24674648,-0.1299991,-0.76465386,-0.29139236,-0.30800778,3.1571763,-0.23617184,0.5108541,-0.29166925,-0.10604499,0.29828304,-0.3871375,-0.67784196,0.48869085,-0.35313204,1.9071968,1.4693657,1.9682374,-0.44621557,0.9529003,0.08445811,-0.45774508,0.66157544,0.22091815,-0.19569503,1.1256121,-0.15296043,-0.5319191,-0.586586,2.6697564,-0.615273,-0.4923831,-0.3187703,0.6219175,-0.7498547,-0.20887041,-0.5844283,-0.49830064,3.2992973,-0.2269897,-0.46546715,0.4848516,-0.025867462,-0.5394619,-0.3322505,-0.96641004,0.23836839,0.2351136,-0.92959607,-0.10194832,-0.30304843,0.59622175,-0.17638886,0.1769827,0.28652966,0.5035878,-0.39681262,-0.6055766,-0.0809603,-0.84615433,0.48053932,-0.72372854,-0.7121124,0.22376986,-0.21101992,0.18842238,-0.1985002,-0.3801513,-0.35812163,-0.10753791
BeepBoop,0.04488246,-0.66386783,0.21550822,-0.16572455,0.8566119,1.014524,-0.077388644,-0.21808244,-0.36013293,-0.64554197,0.5105504,-0.3029068,0.32307208,0.041715622,-0.44487014,0.8571032,0.19123548,4.0308814,-0.10925536,-0.13433021,-0.36723638,-0.7617635,-0.47556356,0.18023759,-1.0162023,0.19549797,0.4249426,-0.22684553,-0.022938132,-0.6279607,0.1848531,-0.3118068,-0.3312488,-0.07990636,0.3813778,0.45847234,0.09167573,-0.1975489,-0.42559803,1.5729957,2.9212499,-0.48613644,-0.191872,-0.4160059,3.2054374,-0.5216331,-0.037847742,-0.093853176,0.0360117,-0.6140394,1.9112194,-0.558701,0.021121025,0.46070325,-0.6072073,3.3959007,-0.22599497,-0.5306618,-0.62375116,-0.20936093,-0.62316954,-0.32328987,-0.20197424,4.3395414,-0.27381998,2.0301023,0.023897827,-0.14260352,-0.32489386,-0.25552672,-0.5915159,0.63890064,-0.34510636,0.44083747,1.8772905,1.688642,-0.25939795,0.9530193,0.07196301,-0.45840725,0.637909,-0.36012304,-0.19303042,-0.38435468,-0.15073597,-0.46985322,-0.2847054,1.5259292,-0.6053876,-0.48027182,-0.19351083,-0.804834,-0.4175704,-0.49308693,-0.5649315,-0.5544027,2.6519756,-0.18620536,-0.35287744,0.70954776,0.16280204,-0.3895427,-0.3592719,-0.8992035,0.3048606,0.3344813,-0.8567142,-0.063727826,-0.098662764,0.15542495,-0.088240355,0.037879467,-0.09655464,-0.14535542,0.37933004,-0.59457403,-0.00054231286,-0.7393081,0.7470074,-0.5436396,-0.69813657,0.24565011,-0.12821805,-0.5141187,-0.19684231,-0.10714579,-0.4591949,-0.106358774
BeepBoop,0.019331396,-0.27264923,-0.4874928,-0.16429201,1.7878258,1.1084268,0.21369739,-0.1876292,-0.0370062,-0.59632224,1.1350231,-0.4587485,0.70622873,0.05999565,-0.49874377,0.8274965,0.120054185,0.98881084,-0.14227004,-0.13866788,-0.35337046,-0.8852585,-0.5474014,0.19920185,-0.9676611,0.054803073,0.28650045,-0.32587475,-0.0008599162,-0.57813025,0.20090953,-0.3202601,-0.12152308,-0.051927328,0.2148927,-0.19025567,-0.16988727,-0.22321539,-0.5025635,-0.65163445,4.965075,-0.3813985,-0.18911506,-0.67407775,1.4821213,-0.6414974,-0.082636744,-0.08433989,0.0443223,-0.6349958,1.0219715,-0.5213324,0.23592758,4.0238323,-0.50981164,0.6045964,-0.19047992,-0.422768,0.37889624,-0.023910165,-0.7638002,-0.26986545,-0.3276737,2.6397147,-0.16680482,0.21880591,-0.40108994,-0.122846425,0.53353095,-0.25849426,-0.6937521,0.93105835,-0.33780244,2.0957797,1.3792012,1.6064565,-0.31169403,0.7007343,-0.15902871,-0.4211332,0.57605886,0.014211744,-0.19060542,1.2576662,-0.14871156,-0.5087772,-0.5798065,2.5377574,-0.5963912,-0.46333194,-0.3392044,0.42244482,-0.7509024,-0.26366228,-0.49904892,-0.43026233,3.869513,-0.16294655,-0.4417143,0.10342145,-0.093489856,-0.5148148,-0.35510272,-0.9408956,0.3155737,0.2597847,-0.9124028,-0.08662635,0.18708283,0.48008597,-0.29057354,0.22809085,0.16805768,0.3495018,-0.55306125,-0.58150464,-0.0048304796,-0.81853384,0.64395756,-0.76066774,-0.6854175,0.24937701,-0.21066928,0.8931402,-0.19417505,-0.5198649,-0.3164999,-0.105285674
BeepBoop,0.046841547,-0.5714574,-0.30202496,-0.16890143,1.4584203,0.79513204,-0.061908714,-0.1980955,-0.23453303,-0.6699496,0.8121648,-0.5629438,-0.02238965,0.052810013,-0.51812774,0.4647464,0.14054462,1.8330369,-0.12525356,-0.13563454,-0.36813164,-0.94413495,-0.48957807,0.21019158,-1.0253083,0.08045563,0.26271945,-0.33121338,0.02207473,-0.64485586,0.21820995,-0.39743716,-0.11137366,-0.07966408,0.28617692,-0.08588356,-0.016777575,-0.23147167,-0.53074145,-0.6045714,3.5042717,-0.23795927,-0.1979859,-0.68094313,3.0686219,-0.57545424,-0.026333213,-0.14491408,0.034375265,-0.75074965,2.2978334,-0.48323518,0.21259561,3.3760304,-0.50434494,1.3559852,-0.21046059,-0.43457308,0.09450275,-0.014046371,-0.81962603,-0.29566443,-0.33111307,3.348179,-0.2640079,0.8172713,-0.2358382,-0.12770526,0.48287094,-0.26358914,-0.71001494,1.1395099,-0.3613039,1.8008583,1.2024035,2.3961658,-0.34460026,0.70541584,0.022459865,-0.4705125,0.72741777,-0.049227387,-0.19840819,1.1382185,-0.15522541,-0.5384557,-0.6085545,2.2819114,-0.6253385,-0.49555966,-0.30207276,1.0199196,-0.7400905,-0.3729054,-0.47204337,-0.4288217,3.1093888,-0.1636802,-0.4505617,1.5937126,-0.04995972,-0.55260056,-0.36522755,-0.95270115,0.07498348,0.26214096,-0.6908554,-0.11825228,-0.14029038,0.5356075,-0.21816528,-0.018091694,0.17437434,0.3811772,-0.43912858,-0.6065072,-0.018468082,-0.8608782,0.46903974,-0.4619712,-0.726343,0.23015541,-0.2353618,0.03285724,-0.20061374,-0.3769284,-0.25129598,-0.108738534
Supertrend,0.055904746,0.08516306,-0.7310265,-0.12037139,-0.3795372,0.62956685,-0.018959105,-0.26284337,0.14833009,-0.63600016,0.58547044,-0.60110015,1.23243,0.0026324391,-0.5685798,-0.06838322,0.10764158,2.544999,-0.14682895,-0.26066065,-0.3250113,-0.46239734,-0.4536381,0.10390675,-1.1265692,0.104023725,-0.39500967,-0.4358326,0.5784049,-0.42063406,0.32431784,-0.38034785,-0.22433317,0.15070239,0.18728763,0.226259,-0.4489297,-0.2241906,-0.69195366,0.74616957,4.1971054,0.13682568,-0.20853895,-0.70412207,0.8507824,-0.9915498,-0.2462768,-0.17154317,0.07059219,-1.0858784,-0.09242606,-0.7281644,0.27521005,3.3623543,-0.4830393,1.33679,-0.28167516,-0.052565634,0.21713632,-0.5541834,-0.50978094,-0.13436139,-0.5433594,0.48199832,-0.053635508,1.3875456,-0.08114985,-0.16125523,1.2071065,4.3211403,0.07147825,0.06972027,-0.38920787,-0.088127494,1.1215153,2.1890237,-0.08592549,0.65293795,-0.3303846,-0.54096174,0.10444999,0.1861904,-0.20769058,1.8849323,-0.16297448,0.28586686,-0.3374623,2.2389526,-0.6414515,-0.5469056,-0.112169415,0.6422118,-0.24150139,0.7184628,-0.32531017,-0.46209452,3.9172184,0.2438496,-0.3873731,0.6579108,0.099933565,0.06661123,-0.42938802,-0.47814173,2.7115004,0.13499868,-0.17082936,-0.18050408,-0.4857174,0.39441407,-0.32539076,0.21954682,-0.70719284,-0.24093917,-0.5681604,-0.48562467,0.10613534,-0.07415831,0.53225935,-0.90716785,-0.7750292,0.16139485,-0.43232292,-0.24828154,-0.20712349,-0.3505584,-0.5018899,-0.11284616
BeepBoop,0.04941331,-0.5318149,-0.31555125,-0.16712771,1.6875312,1.201266,0.18501812,-0.2106347,-0.1880039,-0.6526179,1.3289318,-0.42937112,0.4958834,0.06534028,-0.4691468,0.595382,0.10462028,1.3466531,-0.12593792,-0.13274539,-0.38127017,-0.89446807,-0.54285085,0.21282876,-1.0142792,0.072001636,0.0750429,-0.35993364,-0.043852627,-0.5808169,0.17992198,-0.36569488,-0.21915439,-0.08268671,0.2534604,-0.1055652,-0.002355218,-0.2289062,-0.5184773,-0.72375304,3.9994597,-0.1426062,-0.19457239,-0.7117839,1.914486,-0.6383115,-0.058990836,-0.084233314,0.03792861,-0.47448713,1.6881647,-0.52552664,0.2255652,3.9748812,-0.49012995,0.777087,-0.2184577,-0.5514925,0.17139608,-0.04708296,-0.80365765,-0.28350484,-0.33432466,2.4799333,-0.21935694,0.1871522,-0.26792043,-0.100936055,0.2895648,-0.36191726,-0.6697711,0.26608843,-0.35226053,2.0620153,1.423146,2.054866,-0.3582198,0.68974406,-0.05008918,-0.4547894,0.7186038,0.004943669,-0.19540568,1.8153225,-0.15271886,-0.53060347,-0.59749216,2.6400423,-0.6141995,-0.46390498,-0.30199754,1.0145797,-0.74101216,-0.26349947,-0.5588763,-0.41641715,3.3060067,-0.16532677,-0.46718782,0.6756048,-0.060188234,-0.53806055,-0.35195675,-0.9514142,0.14481747,0.23515782,-0.693694,-0.090714306,-0.028782964,0.58718765,-0.17572749,0.012743443,0.340186,0.127256,-0.63180065,-0.6043818,-0.016138226,-0.84458405,0.88930476,-0.66527504,-0.71059483,0.23831245,-0.1827746,0.46233052,-0.1985081,-0.4065144,-0.32313606,-0.107409865
BeepBoop,0.05680357,-0.6277408,-0.15367389,-0.168393,0.63551307,1.0803779,-0.06709929,-0.2716514,-0.25098196,-0.66604334,1.42207,-0.53738624,-0.20022562,0.053549677,-0.47545782,0.9901359,0.17942658,1.9426041,-0.11381689,-0.25378183,-0.39112332,-0.981452,-0.48938653,0.23309618,-0.99522907,0.107209176,0.11450058,-0.22989237,-0.050427496,-0.5858135,0.23019949,-0.20784089,-0.3378388,-0.10081912,0.3339753,0.1069275,-0.030738592,-0.22940382,-0.5476631,-0.44153363,2.8186889,0.05393195,-0.19700742,-0.6757003,2.7062798,-0.63066053,-0.14856315,-0.13039178,0.035277694,-0.66553736,2.6201465,-0.45283478,0.3387895,2.8476357,-0.5441317,1.4287643,-0.228121,-0.6180259,-0.7819513,-0.025409102,-0.81504864,-0.26496083,-0.26914567,3.1665168,-0.2544402,0.67094576,-0.3265988,-0.09286773,0.45423323,0.10419285,-0.6774036,1.5123266,-0.35871163,1.5841576,0.6947378,2.3730748,-0.37070388,0.70617044,-0.061178148,-0.47601426,0.709246,0.21499988,-0.19754751,1.636339,-0.15450689,-0.5047444,-0.4638034,2.3438,-0.62214553,-0.50080305,-0.30364668,0.86076915,-0.7082132,-0.35392845,-0.5349747,-0.41862494,2.7762015,-0.17265642,-0.44351086,2.2471766,-0.090420425,-0.54843277,-0.36787114,-0.9756966,0.1514647,0.2627766,-0.8249145,-0.14949422,-0.15756664,0.71826744,-0.21471272,-0.00046092272,0.29100847,-0.045997396,-0.61008143,-0.6132259,-0.070438504,-0.8562075,0.39167988,-0.35112673,-0.72182876,0.23030362,-0.26469862,-0.32241952,-0.20001015,-0.24465561,-0.24496847,-0.10835767
BeepBoop,0.022327192,-0.5536159,-0.42685282,-0.16551448,1.7573042,1.2117294,0.08266173,-0.24677843,-0.27741146,-0.64392793,1.0537226,-0.5063124,0.12367287,0.02847211,-0.49395835,0.5301281,0.07862744,1.4928575,-0.12958987,-0.2354464,-0.38116917,-0.91098714,-0.57675856,0.17490196,-0.97788274,0.045936435,0.2552716,-0.3700791,-0.0019788742,-0.59279096,0.17858642,-0.35764343,-0.2305403,-0.08175714,0.2513663,0.0839825,-0.08347511,-0.22605878,-0.52073514,0.50737715,4.287987,-0.20234936,-0.19146772,-0.6850722,1.976785,-0.78013885,-0.011875436,-0.16362031,0.03436057,-0.5727078,2.273856,-0.50349736,0.40177703,3.348174,-0.51377994,1.0726459,-0.22781897,-0.5625833,0.45317286,-0.13497484,-0.78913385,-0.27535802,-0.38122058,2.8252323,-0.17650032,0.3090055,-0.11576763,-0.12421502,-0.120746225,-0.45417207,-0.67675686,0.6450464,-0.3440353,2.0282633,1.6086417,1.8232245,-0.39623097,0.5646651,-0.10397732,-0.46415585,0.4366349,-0.099253446,-0.19267482,1.4028095,-0.1504391,-0.5010111,-0.5874308,2.5210402,-0.6040683,-0.4786555,-0.37046796,0.7594428,-0.7055444,-0.35027242,-0.55249876,-0.457955,3.6019914,-0.14691478,-0.4474603,1.2900137,-0.1032809,-0.524836,-0.3593398,-0.9512695,0.07035518,0.18186058,-0.71705043,-0.08106041,-0.3144848,0.4984473,-0.22085348,0.13530365,0.20768523,0.27112317,-0.34988186,-0.5931056,-0.0850656,-0.82976407,0.7142292,-0.5308348,-0.6962714,0.22526541,-0.2670965,0.5242076,-0.19659293,-0.36281565,-0.35184744,-0.10620142
BeepBoop,0.03194061,-0.42988497,-0.14488012,-0.16919445,1.185781,0.665876,0.05460106,-0.26650822,-0.2781465,-0.6722009,0.9212218,-0.46348172,-0.37485728,0.023662478,-0.49676335,0.78700125,0.09809926,2.1828964,-0.121812955,-0.20399958,-0.38015565,-0.92981124,-0.52380306,0.21016878,-1.0503731,0.029610991,-0.13580048,-0.3008123,-0.013175905,-0.6262249,0.13753581,-0.40408537,-0.19474229,-0.10092485,0.33041483,0.07826446,-0.0032215118,-0.2318955,-0.53998595,0.41616708,2.7704856,-0.10752171,-0.19854985,-0.6878661,2.9170208,-0.6787835,-0.22996905,-0.10269666,0.03575504,-0.65597093,2.323856,-0.49749964,0.23091954,3.2299857,-0.59232545,1.7852286,-0.22394735,-0.5035013,-0.5182934,-0.10278207,-0.8093642,-0.30421254,-0.2853918,3.472163,-0.29533094,1.3167528,-0.22141501,-0.10752964,0.26082748,0.76793975,-0.69894624,1.4530985,-0.36279798,1.3796979,1.0250465,2.530322,-0.43036532,0.7558951,0.06544179,-0.4987712,0.51646954,0.10052362,-0.19890422,1.3286197,-0.1556395,-0.5203975,-0.5582713,2.2362044,-0.6271788,-0.5069695,-0.27371532,0.9106977,-0.67699564,-0.30657968,-0.56738555,-0.4845601,2.8441663,-0.19555286,-0.4414535,1.7199908,0.045619845,-0.5550028,-0.33594698,-0.98249793,0.030214071,0.26496142,-0.9405701,-0.10928595,-0.1566185,0.59359574,-0.20992817,-0.002622217,0.112229705,0.1766685,-0.225443,-0.6159104,-0.05603966,-0.86357015,0.5034671,-0.47884056,-0.7289448,0.22879696,-0.29502225,-0.27445891,-0.20096162,-0.23083511,-0.33506975,-0.108958036
SqueezePro,0.08652933,-0.6166828,0.2564,-0.13766763,-0.4716797,0.94932103,-0.15290155,-0.23637927,-0.14505023,-0.4041444,-0.0588554,-0.48907575,-0.28240007,-0.0029940456,-0.46839866,1.6317301,0.18141857,3.4472756,-0.10932222,-0.27577838,-0.288989,-0.69458896,-0.3310732,0.15912572,-0.7890039,0.19797127,1.4433236,-0.2149752,0.109078676,-0.26494664,0.18200737,-0.43122008,0.04351288,-0.037029907,0.28508812,0.419766,-0.31972393,-0.17663574,-0.57553816,1.6575973,4.5458117,-0.5221209,-0.17755589,-0.53615916,2.6469555,-0.65563446,-0.20206472,-0.32293305,0.13548212,-0.7816825,1.9033747,-0.5845724,0.82419467,-0.5248364,-0.57742465,4.1531906,-0.26912138,-0.66612244,-0.6416719,-0.13114661,-0.24269903,-0.22713505,-0.12626156,3.0015922,-0.2706014,2.4403882,-0.29289448,-0.113167584,0.1968829,1.7230499,-0.5558531,1.808774,-0.30717868,0.2148217,0.10969907,0.77617025,-0.0736891,0.22149652,-0.58175814,-0.39792746,0.04354912,-0.17527674,-0.18043801,1.1609675,-0.14022367,0.32225904,-0.22494164,0.73883396,-0.5401737,-0.42303652,-0.22576514,-0.8718255,0.5258408,-0.11038965,-0.6105714,-0.45397508,2.8472538,-0.109954745,-0.3553895,0.68838215,0.15737337,-0.46557766,-0.35454082,-0.8899258,0.16562974,0.25800014,-0.9908773,-0.081288695,-0.27167296,-0.1713553,-0.10728946,0.2693869,-0.7045694,-0.12281422,0.6886972,-0.542578,0.0761843,-0.54555166,0.388887,-0.35500634,-0.63208944,0.25894105,-0.33781624,-0.5039037,-0.18801129,-0.17488158,-0.4012857,-0.10078641
Supertrend,0.073716044,0.77594376,-0.40264916,-0.12284551,0.8208446,1.071403,-0.15823717,-0.25728375,0.26797497,-0.5080234,0.86189353,-0.53075796,-0.35116765,0.9439435,-0.5178965,0.4928355,0.07630733,2.259674,-0.12338379,-0.14067185,1.0404007,-0.30005133,-0.27313393,0.21446776,-1.018136,0.054358974,-0.18497011,-0.35104036,-0.108284086,-0.39376765,0.054989725,-0.42053357,-0.23325562,-0.012611091,0.3244604,0.38822073,-0.23344448,-0.20075159,-0.6038232,1.5861956,4.066621,-0.5847943,-0.18908411,-0.5323332,1.9135251,-0.48309523,-0.23770356,-0.06609845,0.04917933,-0.9151858,-0.7033794,-0.55470985,0.3318146,0.68438697,-0.4760229,2.5613976,-0.23223323,-0.2802207,-0.024340034,-0.17585534,-0.54020584,-0.2505559,-0.13799196,-0.19940317,-0.30565906,1.9375491,-0.421899,-0.15026093,0.07925302,2.324915,-0.6345739,2.9100795,-0.3377204,-0.005007714,-0.4986541,2.352285,-0.38501766,0.26419473,-0.65642977,-0.4504646,-0.24083512,0.017040938,-0.19057819,3.0230267,-0.14868882,-0.45439628,-0.3590863,2.4620056,-0.5962901,-0.03845659,-0.13541567,-0.017865539,0.08008039,-0.6834134,-0.6959726,-0.4651085,2.5939264,-0.12592256,-0.3133237,2.5472171,0.21869606,-0.45684028,-0.29810792,-0.84186286,-0.97810364,0.36868986,-0.5817373,-0.022090256,-0.011443734,0.22644824,-0.33327228,0.38762823,-0.5540099,-0.24657647,0.032891154,-0.5713131,0.017569095,0.5929548,-0.093732655,-0.83297133,-0.68527466,0.2319766,-0.37991393,-0.48791966,-0.19512258,-0.28993243,-0.6178565,-0.10527362
